,day,month,year,temp,data
0, 1 ,01,2019,-3,2019-01-01
1, 2 ,01,2019,-2,2019-01-02
2, 3 ,01,2019,-2,2019-01-03
3, 4 ,01,2019,-3,2019-01-04
4, 5 ,01,2019,-5,2019-01-05
5, 6 ,01,2019,-8,2019-01-06
6, 7 ,01,2019,-10,2019-01-07
7, 8 ,01,2019,-8,2019-01-08
8, 9 ,01,2019,-10,2019-01-09
9, 10 ,01,2019,-9,2019-01-10
10, 11 ,01,2019,-10,2019-01-11
11, 12 ,01,2019,-9,2019-01-12
12, 13 ,01,2019,-4,2019-01-13
13, 14 ,01,2019,-2,2019-01-14
14, 15 ,01,2019,0,2019-01-15
15, 16 ,01,2019,-5,2019-01-16
16, 17 ,01,2019,-1,2019-01-17
17, 18 ,01,2019,1,2019-01-18
18, 19 ,01,2019,1,2019-01-19
19, 20 ,01,2019,-4,2019-01-20
20, 21 ,01,2019,-4,2019-01-21
21, 22 ,01,2019,-14,2019-01-22
22, 23 ,01,2019,-13,2019-01-23
23, 24 ,01,2019,-11,2019-01-24
24, 25 ,01,2019,-11,2019-01-25
25, 26 ,01,2019,-8,2019-01-26
26, 27 ,01,2019,-7,2019-01-27
27, 28 ,01,2019,-7,2019-01-28
28, 29 ,01,2019,-2,2019-01-29
29, 30 ,01,2019,-2,2019-01-30
30, 31 ,01,2019,1,2019-01-31
31, 1 ,02,2019,-1,2019-02-01
32, 2 ,02,2019,-4,2019-02-02
33, 3 ,02,2019,1,2019-02-03
34, 4 ,02,2019,2,2019-02-04
35, 5 ,02,2019,2,2019-02-05
36, 6 ,02,2019,-2,2019-02-06
37, 7 ,02,2019,-2,2019-02-07
38, 8 ,02,2019,0,2019-02-08
39, 9 ,02,2019,-2,2019-02-09
40, 10 ,02,2019,-3,2019-02-10
41, 11 ,02,2019,-1,2019-02-11
42, 12 ,02,2019,1,2019-02-12
43, 13 ,02,2019,1,2019-02-13
44, 14 ,02,2019,-3,2019-02-14
45, 15 ,02,2019,2,2019-02-15
46, 16 ,02,2019,2,2019-02-16
47, 17 ,02,2019,3,2019-02-17
48, 18 ,02,2019,-2,2019-02-18
49, 19 ,02,2019,0,2019-02-19
50, 20 ,02,2019,2,2019-02-20
51, 21 ,02,2019,1,2019-02-21
52, 22 ,02,2019,-8,2019-02-22
53, 23 ,02,2019,-6,2019-02-23
54, 24 ,02,2019,0,2019-02-24
55, 25 ,02,2019,2,2019-02-25
56, 26 ,02,2019,2,2019-02-26
57, 27 ,02,2019,-1,2019-02-27
58, 28 ,02,2019,2,2019-02-28
59, 1 ,03,2019,2,2019-03-01
60, 2 ,03,2019,-5,2019-03-02
61, 3 ,03,2019,-1,2019-03-03
62, 4 ,03,2019,1,2019-03-04
63, 5 ,03,2019,4,2019-03-05
64, 6 ,03,2019,2,2019-03-06
65, 7 ,03,2019,-3,2019-03-07
66, 8 ,03,2019,3,2019-03-08
67, 9 ,03,2019,4,2019-03-09
68, 10 ,03,2019,4,2019-03-10
69, 11 ,03,2019,3,2019-03-11
70, 12 ,03,2019,0,2019-03-12
71, 13 ,03,2019,-2,2019-03-13
72, 14 ,03,2019,1,2019-03-14
73, 15 ,03,2019,2,2019-03-15
74, 16 ,03,2019,0,2019-03-16
75, 17 ,03,2019,2,2019-03-17
76, 18 ,03,2019,4,2019-03-18
77, 19 ,03,2019,4,2019-03-19
78, 20 ,03,2019,3,2019-03-20
79, 21 ,03,2019,2,2019-03-21
80, 22 ,03,2019,2,2019-03-22
81, 23 ,03,2019,4,2019-03-23
82, 24 ,03,2019,2,2019-03-24
83, 25 ,03,2019,6,2019-03-25
84, 26 ,03,2019,6,2019-03-26
85, 27 ,03,2019,3,2019-03-27
86, 28 ,03,2019,3,2019-03-28
87, 29 ,03,2019,4,2019-03-29
88, 30 ,03,2019,9,2019-03-30
89, 31 ,03,2019,15,2019-03-31
90, 1 ,04,2019,7,2019-04-01
91, 2 ,04,2019,7,2019-04-02
92, 3 ,04,2019,9,2019-04-03
93, 4 ,04,2019,10,2019-04-04
94, 5 ,04,2019,9,2019-04-05
95, 6 ,04,2019,8,2019-04-06
96, 7 ,04,2019,8,2019-04-07
97, 8 ,04,2019,10,2019-04-08
98, 9 ,04,2019,17,2019-04-09
99, 10 ,04,2019,14,2019-04-10
100, 11 ,04,2019,10,2019-04-11
101, 12 ,04,2019,5,2019-04-12
102, 13 ,04,2019,7,2019-04-13
103, 14 ,04,2019,4,2019-04-14
104, 15 ,04,2019,11,2019-04-15
105, 16 ,04,2019,13,2019-04-16
106, 17 ,04,2019,10,2019-04-17
107, 18 ,04,2019,11,2019-04-18
108, 19 ,04,2019,11,2019-04-19
109, 20 ,04,2019,12,2019-04-20
110, 21 ,04,2019,16,2019-04-21
111, 22 ,04,2019,18,2019-04-22
112, 23 ,04,2019,18,2019-04-23
113, 24 ,04,2019,22,2019-04-24
114, 25 ,04,2019,23,2019-04-25
115, 26 ,04,2019,21,2019-04-26
116, 27 ,04,2019,23,2019-04-27
117, 28 ,04,2019,12,2019-04-28
118, 29 ,04,2019,10,2019-04-29
119, 30 ,04,2019,12,2019-04-30
120, 1 ,05,2019,16,2019-05-01
121, 2 ,05,2019,11,2019-05-02
122, 3 ,05,2019,16,2019-05-03
123, 4 ,05,2019,14,2019-05-04
124, 5 ,05,2019,22,2019-05-05
125, 6 ,05,2019,23,2019-05-06
126, 7 ,05,2019,25,2019-05-07
127, 8 ,05,2019,22,2019-05-08
128, 9 ,05,2019,25,2019-05-09
129, 10 ,05,2019,25,2019-05-10
130, 11 ,05,2019,21,2019-05-11
131, 12 ,05,2019,21,2019-05-12
132, 13 ,05,2019,21,2019-05-13
133, 14 ,05,2019,21,2019-05-14
134, 15 ,05,2019,22,2019-05-15
135, 16 ,05,2019,18,2019-05-16
136, 17 ,05,2019,18,2019-05-17
137, 18 ,05,2019,21,2019-05-18
138, 19 ,05,2019,21,2019-05-19
139, 20 ,05,2019,22,2019-05-20
140, 21 ,05,2019,25,2019-05-21
141, 22 ,05,2019,26,2019-05-22
142, 23 ,05,2019,24,2019-05-23
143, 24 ,05,2019,18,2019-05-24
144, 25 ,05,2019,22,2019-05-25
145, 26 ,05,2019,23,2019-05-26
146, 27 ,05,2019,21,2019-05-27
147, 28 ,05,2019,27,2019-05-28
148, 29 ,05,2019,29,2019-05-29
149, 30 ,05,2019,29,2019-05-30
150, 31 ,05,2019,24,2019-05-31
151, 1 ,06,2019,22,2019-06-01
152, 2 ,06,2019,25,2019-06-02
153, 3 ,06,2019,21,2019-06-03
154, 4 ,06,2019,23,2019-06-04
155, 5 ,06,2019,26,2019-06-05
156, 6 ,06,2019,29,2019-06-06
157, 7 ,06,2019,30,2019-06-07
158, 8 ,06,2019,30,2019-06-08
159, 9 ,06,2019,31,2019-06-09
160, 10 ,06,2019,26,2019-06-10
161, 11 ,06,2019,28,2019-06-11
162, 12 ,06,2019,26,2019-06-12
163, 13 ,06,2019,20,2019-06-13
164, 14 ,06,2019,24,2019-06-14
165, 15 ,06,2019,21,2019-06-15
166, 16 ,06,2019,22,2019-06-16
167, 17 ,06,2019,26,2019-06-17
168, 18 ,06,2019,26,2019-06-18
169, 19 ,06,2019,27,2019-06-19
170, 20 ,06,2019,29,2019-06-20
171, 21 ,06,2019,30,2019-06-21
172, 22 ,06,2019,32,2019-06-22
173, 23 ,06,2019,26,2019-06-23
174, 24 ,06,2019,26,2019-06-24
175, 25 ,06,2019,23,2019-06-25
176, 26 ,06,2019,24,2019-06-26
177, 27 ,06,2019,16,2019-06-27
178, 28 ,06,2019,16,2019-06-28
179, 29 ,06,2019,13,2019-06-29
180, 30 ,06,2019,19,2019-06-30
181, 1 ,07,2019,26,2019-07-01
182, 2 ,07,2019,22,2019-07-02
183, 3 ,07,2019,19,2019-07-03
184, 4 ,07,2019,17,2019-07-04
185, 5 ,07,2019,19,2019-07-05
186, 6 ,07,2019,18,2019-07-06
187, 7 ,07,2019,19,2019-07-07
188, 8 ,07,2019,20,2019-07-08
189, 9 ,07,2019,21,2019-07-09
190, 10 ,07,2019,20,2019-07-10
191, 11 ,07,2019,18,2019-07-11
192, 12 ,07,2019,16,2019-07-12
193, 13 ,07,2019,17,2019-07-13
194, 14 ,07,2019,19,2019-07-14
195, 15 ,07,2019,19,2019-07-15
196, 16 ,07,2019,22,2019-07-16
197, 17 ,07,2019,21,2019-07-17
198, 18 ,07,2019,21,2019-07-18
199, 19 ,07,2019,20,2019-07-19
200, 20 ,07,2019,21,2019-07-20
201, 21 ,07,2019,22,2019-07-21
202, 22 ,07,2019,25,2019-07-22
203, 23 ,07,2019,20,2019-07-23
204, 24 ,07,2019,22,2019-07-24
205, 25 ,07,2019,22,2019-07-25
206, 26 ,07,2019,27,2019-07-26
207, 27 ,07,2019,28,2019-07-27
208, 28 ,07,2019,25,2019-07-28
209, 29 ,07,2019,17,2019-07-29
210, 30 ,07,2019,16,2019-07-30
211, 31 ,07,2019,15,2019-07-31
212, 1 ,08,2019,15,2019-08-01
213, 2 ,08,2019,16,2019-08-02
214, 3 ,08,2019,17,2019-08-03
215, 4 ,08,2019,14,2019-08-04
216, 5 ,08,2019,13,2019-08-05
217, 6 ,08,2019,18,2019-08-06
218, 7 ,08,2019,21,2019-08-07
219, 8 ,08,2019,24,2019-08-08
220, 9 ,08,2019,19,2019-08-09
221, 10 ,08,2019,17,2019-08-10
222, 11 ,08,2019,19,2019-08-11
223, 12 ,08,2019,20,2019-08-12
224, 13 ,08,2019,24,2019-08-13
225, 14 ,08,2019,22,2019-08-14
226, 15 ,08,2019,24,2019-08-15
227, 16 ,08,2019,19,2019-08-16
228, 17 ,08,2019,18,2019-08-17
229, 18 ,08,2019,22,2019-08-18
230, 19 ,08,2019,21,2019-08-19
231, 20 ,08,2019,27,2019-08-20
232, 21 ,08,2019,25,2019-08-21
233, 22 ,08,2019,24,2019-08-22
234, 23 ,08,2019,22,2019-08-23
235, 24 ,08,2019,23,2019-08-24
236, 25 ,08,2019,20,2019-08-25
237, 26 ,08,2019,21,2019-08-26
238, 27 ,08,2019,21,2019-08-27
239, 28 ,08,2019,17,2019-08-28
240, 29 ,08,2019,22,2019-08-29
241, 30 ,08,2019,23,2019-08-30
242, 31 ,08,2019,22,2019-08-31
243, 1 ,09,2019,24,2019-09-01
244, 2 ,09,2019,22,2019-09-02
245, 3 ,09,2019,23,2019-09-03
246, 4 ,09,2019,24,2019-09-04
247, 5 ,09,2019,18,2019-09-05
248, 6 ,09,2019,23,2019-09-06
249, 7 ,09,2019,21,2019-09-07
250, 8 ,09,2019,22,2019-09-08
251, 9 ,09,2019,23,2019-09-09
252, 10 ,09,2019,24,2019-09-10
253, 11 ,09,2019,26,2019-09-11
254, 12 ,09,2019,26,2019-09-12
255, 13 ,09,2019,22,2019-09-13
256, 14 ,09,2019,16,2019-09-14
257, 15 ,09,2019,13,2019-09-15
258, 16 ,09,2019,15,2019-09-16
259, 17 ,09,2019,12,2019-09-17
260, 18 ,09,2019,13,2019-09-18
261, 19 ,09,2019,11,2019-09-19
262, 20 ,09,2019,8,2019-09-20
263, 21 ,09,2019,10,2019-09-21
264, 22 ,09,2019,7,2019-09-22
265, 23 ,09,2019,8,2019-09-23
266, 24 ,09,2019,8,2019-09-24
267, 25 ,09,2019,8,2019-09-25
268, 26 ,09,2019,11,2019-09-26
269, 27 ,09,2019,10,2019-09-27
270, 28 ,09,2019,11,2019-09-28
271, 29 ,09,2019,13,2019-09-29
272, 30 ,09,2019,14,2019-09-30
273, 1 ,10,2019,17,2019-10-01
274, 2 ,10,2019,16,2019-10-02
275, 3 ,10,2019,20,2019-10-03
276, 4 ,10,2019,15,2019-10-04
277, 5 ,10,2019,10,2019-10-05
278, 6 ,10,2019,5,2019-10-06
279, 7 ,10,2019,4,2019-10-07
280, 8 ,10,2019,5,2019-10-08
281, 9 ,10,2019,6,2019-10-09
282, 10 ,10,2019,9,2019-10-10
283, 11 ,10,2019,11,2019-10-11
284, 12 ,10,2019,11,2019-10-12
285, 13 ,10,2019,12,2019-10-13
286, 14 ,10,2019,15,2019-10-14
287, 15 ,10,2019,15,2019-10-15
288, 16 ,10,2019,8,2019-10-16
289, 17 ,10,2019,18,2019-10-17
290, 18 ,10,2019,15,2019-10-18
291, 19 ,10,2019,16,2019-10-19
292, 20 ,10,2019,17,2019-10-20
293, 21 ,10,2019,17,2019-10-21
294, 22 ,10,2019,11,2019-10-22
295, 23 ,10,2019,14,2019-10-23
296, 24 ,10,2019,11,2019-10-24
297, 25 ,10,2019,13,2019-10-25
298, 26 ,10,2019,13,2019-10-26
299, 27 ,10,2019,14,2019-10-27
300, 28 ,10,2019,14,2019-10-28
301, 29 ,10,2019,7,2019-10-29
302, 30 ,10,2019,2,2019-10-30
303, 31 ,10,2019,-1,2019-10-31
304, 1 ,11,2019,0,2019-11-01
305, 2 ,11,2019,4,2019-11-02
306, 3 ,11,2019,4,2019-11-03
307, 4 ,11,2019,9,2019-11-04
308, 5 ,11,2019,13,2019-11-05
309, 6 ,11,2019,11,2019-11-06
310, 7 ,11,2019,10,2019-11-07
311, 8 ,11,2019,6,2019-11-08
312, 9 ,11,2019,4,2019-11-09
313, 10 ,11,2019,9,2019-11-10
314, 11 ,11,2019,9,2019-11-11
315, 12 ,11,2019,8,2019-11-12
316, 13 ,11,2019,5,2019-11-13
317, 14 ,11,2019,7,2019-11-14
318, 15 ,11,2019,6,2019-11-15
319, 16 ,11,2019,4,2019-11-16
320, 17 ,11,2019,7,2019-11-17
321, 18 ,11,2019,6,2019-11-18
322, 19 ,11,2019,4,2019-11-19
323, 20 ,11,2019,4,2019-11-20
324, 21 ,11,2019,-4,2019-11-21
325, 22 ,11,2019,-3,2019-11-22
326, 23 ,11,2019,-3,2019-11-23
327, 24 ,11,2019,-2,2019-11-24
328, 25 ,11,2019,-3,2019-11-25
329, 26 ,11,2019,-2,2019-11-26
330, 27 ,11,2019,-1,2019-11-27
331, 28 ,11,2019,-1,2019-11-28
332, 29 ,11,2019,2,2019-11-29
333, 30 ,11,2019,2,2019-11-30
334, 1 ,12,2019,-1,2019-12-01
335, 2 ,12,2019,-2,2019-12-02
336, 3 ,12,2019,-1,2019-12-03
337, 4 ,12,2019,-1,2019-12-04
338, 5 ,12,2019,3,2019-12-05
339, 6 ,12,2019,2,2019-12-06
340, 7 ,12,2019,2,2019-12-07
341, 8 ,12,2019,3,2019-12-08
342, 9 ,12,2019,3,2019-12-09
343, 10 ,12,2019,3,2019-12-10
344, 11 ,12,2019,2,2019-12-11
345, 12 ,12,2019,2,2019-12-12
346, 13 ,12,2019,1,2019-12-13
347, 14 ,12,2019,0,2019-12-14
348, 15 ,12,2019,2,2019-12-15
349, 16 ,12,2019,3,2019-12-16
350, 17 ,12,2019,3,2019-12-17
351, 18 ,12,2019,5,2019-12-18
352, 19 ,12,2019,6,2019-12-19
353, 20 ,12,2019,2,2019-12-20
354, 21 ,12,2019,2,2019-12-21
355, 22 ,12,2019,3,2019-12-22
356, 23 ,12,2019,7,2019-12-23
357, 24 ,12,2019,7,2019-12-24
358, 25 ,12,2019,1,2019-12-25
359, 26 ,12,2019,0,2019-12-26
360, 27 ,12,2019,-1,2019-12-27
361, 28 ,12,2019,0,2019-12-28
362, 29 ,12,2019,-2,2019-12-29
363, 30 ,12,2019,0,2019-12-30
364, 31 ,12,2019,2,2019-12-31
365, 1 ,01,2020,1,2020-01-01
366, 2 ,01,2020,2,2020-01-02
367, 3 ,01,2020,3,2020-01-03
368, 4 ,01,2020,1,2020-01-04
369, 5 ,01,2020,1,2020-01-05
370, 6 ,01,2020,-1,2020-01-06
371, 7 ,01,2020,0,2020-01-07
372, 8 ,01,2020,1,2020-01-08
373, 9 ,01,2020,3,2020-01-09
374, 10 ,01,2020,1,2020-01-10
375, 11 ,01,2020,0,2020-01-11
376, 12 ,01,2020,1,2020-01-12
377, 13 ,01,2020,2,2020-01-13
378, 14 ,01,2020,1,2020-01-14
379, 15 ,01,2020,2,2020-01-15
380, 16 ,01,2020,4,2020-01-16
381, 17 ,01,2020,4,2020-01-17
382, 18 ,01,2020,2,2020-01-18
383, 19 ,01,2020,1,2020-01-19
384, 20 ,01,2020,2,2020-01-20
385, 21 ,01,2020,4,2020-01-21
386, 22 ,01,2020,3,2020-01-22
387, 23 ,01,2020,-2,2020-01-23
388, 24 ,01,2020,1,2020-01-24
389, 25 ,01,2020,2,2020-01-25
390, 26 ,01,2020,2,2020-01-26
391, 27 ,01,2020,3,2020-01-27
392, 28 ,01,2020,-2,2020-01-28
393, 29 ,01,2020,1,2020-01-29
394, 30 ,01,2020,0,2020-01-30
395, 31 ,01,2020,1,2020-01-31
396, 1 ,02,2020,0,2020-02-01
397, 2 ,02,2020,3,2020-02-02
398, 3 ,02,2020,3,2020-02-03
399, 4 ,02,2020,-1,2020-02-04
400, 5 ,02,2020,-4,2020-02-05
401, 6 ,02,2020,-1,2020-02-06
402, 7 ,02,2020,-8,2020-02-07
403, 8 ,02,2020,-7,2020-02-08
404, 9 ,02,2020,-1,2020-02-09
405, 10 ,02,2020,2,2020-02-10
406, 11 ,02,2020,1,2020-02-11
407, 12 ,02,2020,1,2020-02-12
408, 13 ,02,2020,-1,2020-02-13
409, 14 ,02,2020,2,2020-02-14
410, 15 ,02,2020,2,2020-02-15
411, 16 ,02,2020,1,2020-02-16
412, 17 ,02,2020,5,2020-02-17
413, 18 ,02,2020,6,2020-02-18
414, 19 ,02,2020,5,2020-02-19
415, 20 ,02,2020,7,2020-02-20
416, 21 ,02,2020,8,2020-02-21
417, 22 ,02,2020,6,2020-02-22
418, 23 ,02,2020,3,2020-02-23
419, 24 ,02,2020,5,2020-02-24
420, 25 ,02,2020,3,2020-02-25
421, 26 ,02,2020,2,2020-02-26
422, 27 ,02,2020,3,2020-02-27
423, 28 ,02,2020,3,2020-02-28
424, 29 ,02,2020,1,2020-02-29
425, 1 ,03,2020,5,2020-03-01
426, 2 ,03,2020,4,2020-03-02
427, 3 ,03,2020,5,2020-03-03
428, 4 ,03,2020,6,2020-03-04
429, 5 ,03,2020,7,2020-03-05
430, 6 ,03,2020,8,2020-03-06
431, 7 ,03,2020,12,2020-03-07
432, 8 ,03,2020,8,2020-03-08
433, 9 ,03,2020,11,2020-03-09
434, 10 ,03,2020,9,2020-03-10
435, 11 ,03,2020,8,2020-03-11
436, 12 ,03,2020,9,2020-03-12
437, 13 ,03,2020,7,2020-03-13
438, 14 ,03,2020,8,2020-03-14
439, 15 ,03,2020,-1,2020-03-15
440, 16 ,03,2020,6,2020-03-16
441, 17 ,03,2020,9,2020-03-17
442, 18 ,03,2020,10,2020-03-18
443, 19 ,03,2020,10,2020-03-19
444, 20 ,03,2020,6,2020-03-20
445, 21 ,03,2020,1,2020-03-21
446, 22 ,03,2020,0,2020-03-22
447, 23 ,03,2020,1,2020-03-23
448, 24 ,03,2020,4,2020-03-24
449, 25 ,03,2020,10,2020-03-25
450, 26 ,03,2020,15,2020-03-26
451, 27 ,03,2020,15,2020-03-27
452, 28 ,03,2020,17,2020-03-28
453, 29 ,03,2020,16,2020-03-29
454, 30 ,03,2020,4,2020-03-30
455, 31 ,03,2020,-1,2020-03-31
456, 1 ,04,2020,4,2020-04-01
457, 2 ,04,2020,5,2020-04-02
458, 3 ,04,2020,11,2020-04-03
459, 4 ,04,2020,8,2020-04-04
460, 5 ,04,2020,5,2020-04-05
461, 6 ,04,2020,5,2020-04-06
462, 7 ,04,2020,10,2020-04-07
463, 8 ,04,2020,14,2020-04-08
464, 9 ,04,2020,15,2020-04-09
465, 10 ,04,2020,9,2020-04-10
466, 11 ,04,2020,5,2020-04-11
467, 12 ,04,2020,8,2020-04-12
468, 13 ,04,2020,15,2020-04-13
469, 14 ,04,2020,10,2020-04-14
470, 15 ,04,2020,7,2020-04-15
471, 16 ,04,2020,7,2020-04-16
472, 17 ,04,2020,8,2020-04-17
473, 18 ,04,2020,7,2020-04-18
474, 19 ,04,2020,6,2020-04-19
475, 20 ,04,2020,8,2020-04-20
476, 21 ,04,2020,9,2020-04-21
477, 22 ,04,2020,7,2020-04-22
478, 23 ,04,2020,9,2020-04-23
479, 24 ,04,2020,8,2020-04-24
480, 25 ,04,2020,7,2020-04-25
481, 26 ,04,2020,9,2020-04-26
482, 27 ,04,2020,10,2020-04-27
483, 28 ,04,2020,10,2020-04-28
484, 29 ,04,2020,14,2020-04-29
485, 30 ,04,2020,8,2020-04-30
486, 1 ,05,2020,12,2020-05-01
487, 2 ,05,2020,16,2020-05-02
488, 3 ,05,2020,22,2020-05-03
489, 4 ,05,2020,19,2020-05-04
490, 5 ,05,2020,21,2020-05-05
491, 6 ,05,2020,20,2020-05-06
492, 7 ,05,2020,19,2020-05-07
493, 8 ,05,2020,12,2020-05-08
494, 9 ,05,2020,14,2020-05-09
495, 10 ,05,2020,15,2020-05-10
496, 11 ,05,2020,20,2020-05-11
497, 12 ,05,2020,24,2020-05-12
498, 13 ,05,2020,13,2020-05-13
499, 14 ,05,2020,13,2020-05-14
500, 15 ,05,2020,12,2020-05-15
501, 16 ,05,2020,15,2020-05-16
502, 17 ,05,2020,14,2020-05-17
503, 18 ,05,2020,12,2020-05-18
504, 19 ,05,2020,12,2020-05-19
505, 20 ,05,2020,14,2020-05-20
506, 21 ,05,2020,10,2020-05-21
507, 22 ,05,2020,8,2020-05-22
508, 23 ,05,2020,9,2020-05-23
509, 24 ,05,2020,10,2020-05-24
510, 25 ,05,2020,18,2020-05-25
511, 26 ,05,2020,18,2020-05-26
512, 27 ,05,2020,17,2020-05-27
513, 28 ,05,2020,20,2020-05-28
514, 29 ,05,2020,15,2020-05-29
515, 30 ,05,2020,23,2020-05-30
516, 31 ,05,2020,14,2020-05-31
517, 1 ,06,2020,10,2020-06-01
518, 2 ,06,2020,10,2020-06-02
519, 3 ,06,2020,14,2020-06-03
520, 4 ,06,2020,19,2020-06-04
521, 5 ,06,2020,19,2020-06-05
522, 6 ,06,2020,22,2020-06-06
523, 7 ,06,2020,25,2020-06-07
524, 8 ,06,2020,27,2020-06-08
525, 9 ,06,2020,27,2020-06-09
526, 10 ,06,2020,27,2020-06-10
527, 11 ,06,2020,28,2020-06-11
528, 12 ,06,2020,24,2020-06-12
529, 13 ,06,2020,16,2020-06-13
530, 14 ,06,2020,20,2020-06-14
531, 15 ,06,2020,22,2020-06-15
532, 16 ,06,2020,28,2020-06-16
533, 17 ,06,2020,29,2020-06-17
534, 18 ,06,2020,29,2020-06-18
535, 19 ,06,2020,28,2020-06-19
536, 20 ,06,2020,26,2020-06-20
537, 21 ,06,2020,19,2020-06-21
538, 22 ,06,2020,22,2020-06-22
539, 23 ,06,2020,21,2020-06-23
540, 24 ,06,2020,25,2020-06-24
541, 25 ,06,2020,27,2020-06-25
542, 26 ,06,2020,25,2020-06-26
543, 27 ,06,2020,28,2020-06-27
544, 28 ,06,2020,27,2020-06-28
545, 29 ,06,2020,20,2020-06-29
546, 30 ,06,2020,24,2020-06-30
547, 1 ,07,2020,23,2020-07-01
548, 2 ,07,2020,25,2020-07-02
549, 3 ,07,2020,27,2020-07-03
550, 4 ,07,2020,25,2020-07-04
551, 5 ,07,2020,26,2020-07-05
552, 6 ,07,2020,28,2020-07-06
553, 7 ,07,2020,30,2020-07-07
554, 8 ,07,2020,27,2020-07-08
555, 9 ,07,2020,20,2020-07-09
556, 10 ,07,2020,21,2020-07-10
557, 11 ,07,2020,26,2020-07-11
558, 12 ,07,2020,28,2020-07-12
559, 13 ,07,2020,25,2020-07-13
560, 14 ,07,2020,19,2020-07-14
561, 15 ,07,2020,21,2020-07-15
562, 16 ,07,2020,17,2020-07-16
563, 17 ,07,2020,19,2020-07-17
564, 18 ,07,2020,20,2020-07-18
565, 19 ,07,2020,21,2020-07-19
566, 20 ,07,2020,22,2020-07-20
567, 21 ,07,2020,20,2020-07-21
568, 22 ,07,2020,20,2020-07-22
569, 23 ,07,2020,18,2020-07-23
570, 24 ,07,2020,18,2020-07-24
571, 25 ,07,2020,21,2020-07-25
572, 26 ,07,2020,23,2020-07-26
573, 27 ,07,2020,25,2020-07-27
574, 28 ,07,2020,27,2020-07-28
575, 29 ,07,2020,29,2020-07-29
576, 30 ,07,2020,22,2020-07-30
577, 31 ,07,2020,19,2020-07-31
578, 1 ,08,2020,19,2020-08-01
579, 2 ,08,2020,19,2020-08-02
580, 3 ,08,2020,22,2020-08-03
581, 4 ,08,2020,24,2020-08-04
582, 5 ,08,2020,26,2020-08-05
583, 6 ,08,2020,27,2020-08-06
584, 7 ,08,2020,24,2020-08-07
585, 8 ,08,2020,24,2020-08-08
586, 9 ,08,2020,24,2020-08-09
587, 10 ,08,2020,26,2020-08-10
588, 11 ,08,2020,21,2020-08-11
589, 12 ,08,2020,18,2020-08-12
590, 13 ,08,2020,16,2020-08-13
591, 14 ,08,2020,16,2020-08-14
592, 15 ,08,2020,19,2020-08-15
593, 16 ,08,2020,21,2020-08-16
594, 17 ,08,2020,23,2020-08-17
595, 18 ,08,2020,20,2020-08-18
596, 19 ,08,2020,20,2020-08-19
597, 20 ,08,2020,20,2020-08-20
598, 21 ,08,2020,22,2020-08-21
599, 22 ,08,2020,24,2020-08-22
600, 23 ,08,2020,25,2020-08-23
601, 24 ,08,2020,23,2020-08-24
602, 25 ,08,2020,24,2020-08-25
603, 26 ,08,2020,20,2020-08-26
604, 27 ,08,2020,21,2020-08-27
605, 28 ,08,2020,19,2020-08-28
606, 29 ,08,2020,20,2020-08-29
607, 30 ,08,2020,24,2020-08-30
608, 31 ,08,2020,30,2020-08-31
609, 1 ,09,2020,22,2020-09-01
610, 2 ,09,2020,20,2020-09-02
611, 3 ,09,2020,22,2020-09-03
612, 4 ,09,2020,23,2020-09-04
613, 5 ,09,2020,21,2020-09-05
614, 6 ,09,2020,24,2020-09-06
615, 7 ,09,2020,24,2020-09-07
616, 8 ,09,2020,18,2020-09-08
617, 9 ,09,2020,16,2020-09-09
618, 10 ,09,2020,16,2020-09-10
619, 11 ,09,2020,15,2020-09-11
620, 12 ,09,2020,17,2020-09-12
621, 13 ,09,2020,18,2020-09-13
622, 14 ,09,2020,15,2020-09-14
623, 15 ,09,2020,17,2020-09-15
624, 16 ,09,2020,16,2020-09-16
625, 17 ,09,2020,23,2020-09-17
626, 18 ,09,2020,13,2020-09-18
627, 19 ,09,2020,14,2020-09-19
628, 20 ,09,2020,13,2020-09-20
629, 21 ,09,2020,14,2020-09-21
630, 22 ,09,2020,19,2020-09-22
631, 23 ,09,2020,21,2020-09-23
632, 24 ,09,2020,21,2020-09-24
633, 25 ,09,2020,22,2020-09-25
634, 26 ,09,2020,20,2020-09-26
635, 27 ,09,2020,18,2020-09-27
636, 28 ,09,2020,14,2020-09-28
637, 29 ,09,2020,17,2020-09-29
638, 30 ,09,2020,18,2020-09-30
639, 1 ,10,2020,18,2020-10-01
640, 2 ,10,2020,19,2020-10-02
641, 3 ,10,2020,19,2020-10-03
642, 4 ,10,2020,19,2020-10-04
643, 5 ,10,2020,20,2020-10-05
644, 6 ,10,2020,20,2020-10-06
645, 7 ,10,2020,16,2020-10-07
646, 8 ,10,2020,15,2020-10-08
647, 9 ,10,2020,13,2020-10-09
648, 10 ,10,2020,16,2020-10-10
649, 11 ,10,2020,14,2020-10-11
650, 12 ,10,2020,13,2020-10-12
651, 13 ,10,2020,17,2020-10-13
652, 14 ,10,2020,18,2020-10-14
653, 15 ,10,2020,15,2020-10-15
654, 16 ,10,2020,10,2020-10-16
655, 17 ,10,2020,5,2020-10-17
656, 18 ,10,2020,10,2020-10-18
657, 19 ,10,2020,7,2020-10-19
658, 20 ,10,2020,5,2020-10-20
659, 21 ,10,2020,4,2020-10-21
660, 22 ,10,2020,7,2020-10-22
661, 23 ,10,2020,14,2020-10-23
662, 24 ,10,2020,11,2020-10-24
663, 25 ,10,2020,10,2020-10-25
664, 26 ,10,2020,11,2020-10-26
665, 27 ,10,2020,11,2020-10-27
666, 28 ,10,2020,10,2020-10-28
667, 29 ,10,2020,9,2020-10-29
668, 30 ,10,2020,6,2020-10-30
669, 31 ,10,2020,9,2020-10-31
670, 1 ,11,2020,6,2020-11-01
671, 2 ,11,2020,7,2020-11-02
672, 3 ,11,2020,8,2020-11-03
673, 4 ,11,2020,9,2020-11-04
674, 5 ,11,2020,8,2020-11-05
675, 6 ,11,2020,7,2020-11-06
676, 7 ,11,2020,10,2020-11-07
677, 8 ,11,2020,10,2020-11-08
678, 9 ,11,2020,3,2020-11-09
679, 10 ,11,2020,4,2020-11-10
680, 11 ,11,2020,2,2020-11-11
681, 12 ,11,2020,2,2020-11-12
682, 13 ,11,2020,4,2020-11-13
683, 14 ,11,2020,3,2020-11-14
684, 15 ,11,2020,2,2020-11-15
685, 16 ,11,2020,0,2020-11-16
686, 17 ,11,2020,-4,2020-11-17
687, 18 ,11,2020,-2,2020-11-18
688, 19 ,11,2020,1,2020-11-19
689, 20 ,11,2020,0,2020-11-20
690, 21 ,11,2020,1,2020-11-21
691, 22 ,11,2020,-1,2020-11-22
692, 23 ,11,2020,1,2020-11-23
693, 24 ,11,2020,2,2020-11-24
694, 25 ,11,2020,1,2020-11-25
695, 26 ,11,2020,1,2020-11-26
696, 27 ,11,2020,2,2020-11-27
697, 28 ,11,2020,2,2020-11-28
698, 29 ,11,2020,3,2020-11-29
699, 30 ,11,2020,4,2020-11-30
700, 1 ,12,2020,0,2020-12-01
701, 2 ,12,2020,-2,2020-12-02
702, 3 ,12,2020,-4,2020-12-03
703, 4 ,12,2020,-3,2020-12-04
704, 5 ,12,2020,-2,2020-12-05
705, 6 ,12,2020,-3,2020-12-06
706, 7 ,12,2020,-4,2020-12-07
707, 8 ,12,2020,-3,2020-12-08
708, 9 ,12,2020,-3,2020-12-09
709, 10 ,12,2020,-5,2020-12-10
710, 11 ,12,2020,-3,2020-12-11
711, 12 ,12,2020,-7,2020-12-12
712, 13 ,12,2020,-5,2020-12-13
713, 14 ,12,2020,-4,2020-12-14
714, 15 ,12,2020,-4,2020-12-15
715, 16 ,12,2020,-1,2020-12-16
716, 17 ,12,2020,2,2020-12-17
717, 18 ,12,2020,1,2020-12-18
718, 19 ,12,2020,-2,2020-12-19
719, 20 ,12,2020,0,2020-12-20
720, 21 ,12,2020,1,2020-12-21
721, 22 ,12,2020,1,2020-12-22
722, 23 ,12,2020,-2,2020-12-23
723, 24 ,12,2020,-4,2020-12-24
724, 25 ,12,2020,-1,2020-12-25
725, 26 ,12,2020,0,2020-12-26
726, 27 ,12,2020,-2,2020-12-27
727, 28 ,12,2020,-7,2020-12-28
728, 29 ,12,2020,-5,2020-12-29
729, 30 ,12,2020,-1,2020-12-30
730, 31 ,12,2020,1,2020-12-31
731, 1 ,01,2021,0,2021-01-01
732, 2 ,01,2021,1,2021-01-02
733, 3 ,01,2021,0,2021-01-03
734, 4 ,01,2021,0,2021-01-04
735, 5 ,01,2021,-1,2021-01-05
736, 6 ,01,2021,-4,2021-01-06
737, 7 ,01,2021,-5,2021-01-07
738, 8 ,01,2021,-4,2021-01-08
739, 9 ,01,2021,-5,2021-01-09
740, 10 ,01,2021,-6,2021-01-10
741, 11 ,01,2021,-10,2021-01-11
742, 12 ,01,2021,-11,2021-01-12
743, 13 ,01,2021,-10,2021-01-13
744, 14 ,01,2021,-13,2021-01-14
745, 15 ,01,2021,-17,2021-01-15
746, 16 ,01,2021,-16,2021-01-16
747, 17 ,01,2021,-17,2021-01-17
748, 18 ,01,2021,-19,2021-01-18
749, 19 ,01,2021,-14,2021-01-19
750, 20 ,01,2021,-9,2021-01-20
751, 21 ,01,2021,-11,2021-01-21
752, 22 ,01,2021,-1,2021-01-22
753, 23 ,01,2021,1,2021-01-23
754, 24 ,01,2021,3,2021-01-24
755, 25 ,01,2021,3,2021-01-25
756, 26 ,01,2021,1,2021-01-26
757, 27 ,01,2021,1,2021-01-27
758, 28 ,01,2021,0,2021-01-28
759, 29 ,01,2021,1,2021-01-29
760, 30 ,01,2021,-3,2021-01-30
761, 31 ,01,2021,-4,2021-01-31
762, 1 ,02,2021,-3,2021-02-01
763, 2 ,02,2021,-6,2021-02-02
764, 3 ,02,2021,-3,2021-02-03
765, 4 ,02,2021,-2,2021-02-04
766, 5 ,02,2021,-7,2021-02-05
767, 6 ,02,2021,-14,2021-02-06
768, 7 ,02,2021,-10,2021-02-07
769, 8 ,02,2021,-14,2021-02-08
770, 9 ,02,2021,-14,2021-02-09
771, 10 ,02,2021,-13,2021-02-10
772, 11 ,02,2021,-14,2021-02-11
773, 12 ,02,2021,-15,2021-02-12
774, 13 ,02,2021,-14,2021-02-13
775, 14 ,02,2021,-12,2021-02-14
776, 15 ,02,2021,-16,2021-02-15
777, 16 ,02,2021,-13,2021-02-16
778, 17 ,02,2021,-10,2021-02-17
779, 18 ,02,2021,-13,2021-02-18
780, 19 ,02,2021,-13,2021-02-19
781, 20 ,02,2021,-12,2021-02-20
782, 21 ,02,2021,-8,2021-02-21
783, 22 ,02,2021,-10,2021-02-22
784, 23 ,02,2021,-22,2021-02-23
785, 24 ,02,2021,-13,2021-02-24
786, 25 ,02,2021,3,2021-02-25
787, 26 ,02,2021,5,2021-02-26
788, 27 ,02,2021,2,2021-02-27
789, 28 ,02,2021,1,2021-02-28
790, 1 ,03,2021,2,2021-03-01
791, 2 ,03,2021,3,2021-03-02
792, 3 ,03,2021,2,2021-03-03
793, 4 ,03,2021,1,2021-03-04
794, 5 ,03,2021,-2,2021-03-05
795, 6 ,03,2021,-5,2021-03-06
796, 7 ,03,2021,-2,2021-03-07
797, 8 ,03,2021,-5,2021-03-08
798, 9 ,03,2021,-11,2021-03-09
799, 10 ,03,2021,-14,2021-03-10
800, 11 ,03,2021,-10,2021-03-11
801, 12 ,03,2021,-7,2021-03-12
802, 13 ,03,2021,-3,2021-03-13
803, 14 ,03,2021,2,2021-03-14
804, 15 ,03,2021,2,2021-03-15
805, 16 ,03,2021,1,2021-03-16
806, 17 ,03,2021,1,2021-03-17
807, 18 ,03,2021,3,2021-03-18
808, 19 ,03,2021,1,2021-03-19
809, 20 ,03,2021,-1,2021-03-20
810, 21 ,03,2021,0,2021-03-21
811, 22 ,03,2021,2,2021-03-22
812, 23 ,03,2021,0,2021-03-23
813, 24 ,03,2021,3,2021-03-24
814, 25 ,03,2021,6,2021-03-25
815, 26 ,03,2021,6,2021-03-26
816, 27 ,03,2021,6,2021-03-27
817, 28 ,03,2021,5,2021-03-28
818, 29 ,03,2021,4,2021-03-29
819, 30 ,03,2021,5,2021-03-30
820, 31 ,03,2021,5,2021-03-31
821, 1 ,04,2021,7,2021-04-01
822, 2 ,04,2021,5,2021-04-02
823, 3 ,04,2021,6,2021-04-03
824, 4 ,04,2021,6,2021-04-04
825, 5 ,04,2021,8,2021-04-05
826, 6 ,04,2021,11,2021-04-06
827, 7 ,04,2021,11,2021-04-07
828, 8 ,04,2021,5,2021-04-08
829, 9 ,04,2021,8,2021-04-09
830, 10 ,04,2021,11,2021-04-10
831, 11 ,04,2021,16,2021-04-11
832, 12 ,04,2021,14,2021-04-12
833, 13 ,04,2021,21,2021-04-13
834, 14 ,04,2021,21,2021-04-14
835, 15 ,04,2021,20,2021-04-15
836, 16 ,04,2021,17,2021-04-16
837, 17 ,04,2021,18,2021-04-17
838, 18 ,04,2021,14,2021-04-18
839, 19 ,04,2021,13,2021-04-19
840, 20 ,04,2021,9,2021-04-20
841, 21 ,04,2021,7,2021-04-21
842, 22 ,04,2021,14,2021-04-22
843, 23 ,04,2021,14,2021-04-23
844, 24 ,04,2021,6,2021-04-24
845, 25 ,04,2021,7,2021-04-25
846, 26 ,04,2021,8,2021-04-26
847, 27 ,04,2021,4,2021-04-27
848, 28 ,04,2021,9,2021-04-28
849, 29 ,04,2021,10,2021-04-29
850, 30 ,04,2021,15,2021-04-30
851, 1 ,05,2021,12,2021-05-01
852, 2 ,05,2021,13,2021-05-02
853, 3 ,05,2021,18,2021-05-03
854, 4 ,05,2021,7,2021-05-04
855, 5 ,05,2021,14,2021-05-05
856, 6 ,05,2021,15,2021-05-06
857, 7 ,05,2021,14,2021-05-07
858, 8 ,05,2021,10,2021-05-08
859, 9 ,05,2021,9,2021-05-09
860, 10 ,05,2021,15,2021-05-10
861, 11 ,05,2021,21,2021-05-11
862, 12 ,05,2021,23,2021-05-12
863, 13 ,05,2021,19,2021-05-13
864, 14 ,05,2021,22,2021-05-14
865, 15 ,05,2021,23,2021-05-15
866, 16 ,05,2021,23,2021-05-16
867, 17 ,05,2021,28,2021-05-17
868, 18 ,05,2021,29,2021-05-18
869, 19 ,05,2021,24,2021-05-19
870, 20 ,05,2021,20,2021-05-20
871, 21 ,05,2021,16,2021-05-21
872, 22 ,05,2021,20,2021-05-22
873, 23 ,05,2021,22,2021-05-23
874, 24 ,05,2021,20,2021-05-24
875, 25 ,05,2021,20,2021-05-25
876, 26 ,05,2021,24,2021-05-26
877, 27 ,05,2021,20,2021-05-27
878, 28 ,05,2021,22,2021-05-28
879, 29 ,05,2021,19,2021-05-29
880, 30 ,05,2021,14,2021-05-30
881, 31 ,05,2021,13,2021-05-31
882, 1 ,06,2021,17,2021-06-01
883, 2 ,06,2021,19,2021-06-02
884, 3 ,06,2021,22,2021-06-03
885, 4 ,06,2021,22,2021-06-04
886, 5 ,06,2021,23,2021-06-05
887, 6 ,06,2021,24,2021-06-06
888, 7 ,06,2021,23,2021-06-07
889, 8 ,06,2021,22,2021-06-08
890, 9 ,06,2021,20,2021-06-09
891, 10 ,06,2021,17,2021-06-10
892, 11 ,06,2021,19,2021-06-11
893, 12 ,06,2021,21,2021-06-12
894, 13 ,06,2021,23,2021-06-13
895, 14 ,06,2021,26,2021-06-14
896, 15 ,06,2021,25,2021-06-15
897, 16 ,06,2021,23,2021-06-16
898, 17 ,06,2021,24,2021-06-17
899, 18 ,06,2021,25,2021-06-18
900, 19 ,06,2021,28,2021-06-19
901, 20 ,06,2021,29,2021-06-20
902, 21 ,06,2021,30,2021-06-21
903, 22 ,06,2021,32,2021-06-22
904, 23 ,06,2021,33,2021-06-23
905, 24 ,06,2021,33,2021-06-24
906, 25 ,06,2021,32,2021-06-25
907, 26 ,06,2021,32,2021-06-26
908, 27 ,06,2021,32,2021-06-27
909, 28 ,06,2021,30,2021-06-28
910, 29 ,06,2021,23,2021-06-29
911, 30 ,06,2021,22,2021-06-30
912, 1 ,07,2021,23,2021-07-01
913, 2 ,07,2021,22,2021-07-02
914, 3 ,07,2021,22,2021-07-03
915, 4 ,07,2021,22,2021-07-04
916, 5 ,07,2021,25,2021-07-05
917, 6 ,07,2021,27,2021-07-06
918, 7 ,07,2021,28,2021-07-07
919, 8 ,07,2021,30,2021-07-08
920, 9 ,07,2021,31,2021-07-09
921, 10 ,07,2021,32,2021-07-10
922, 11 ,07,2021,31,2021-07-11
923, 12 ,07,2021,31,2021-07-12
924, 13 ,07,2021,32,2021-07-13
925, 14 ,07,2021,33,2021-07-14
926, 15 ,07,2021,32,2021-07-15
927, 16 ,07,2021,32,2021-07-16
928, 17 ,07,2021,31,2021-07-17
929, 18 ,07,2021,30,2021-07-18
930, 19 ,07,2021,29,2021-07-19
931, 20 ,07,2021,26,2021-07-20
932, 21 ,07,2021,24,2021-07-21
933, 22 ,07,2021,22,2021-07-22
934, 23 ,07,2021,22,2021-07-23
935, 24 ,07,2021,21,2021-07-24
936, 25 ,07,2021,23,2021-07-25
937, 26 ,07,2021,26,2021-07-26
938, 27 ,07,2021,28,2021-07-27
939, 28 ,07,2021,24,2021-07-28
940, 29 ,07,2021,25,2021-07-29
941, 30 ,07,2021,24,2021-07-30
942, 31 ,07,2021,25,2021-07-31
943, 1 ,08,2021,25,2021-08-01
944, 2 ,08,2021,29,2021-08-02
945, 3 ,08,2021,23,2021-08-03
946, 4 ,08,2021,22,2021-08-04
947, 5 ,08,2021,23,2021-08-05
948, 6 ,08,2021,23,2021-08-06
949, 7 ,08,2021,28,2021-08-07
950, 8 ,08,2021,25,2021-08-08
951, 9 ,08,2021,28,2021-08-09
952, 10 ,08,2021,28,2021-08-10
953, 11 ,08,2021,23,2021-08-11
954, 12 ,08,2021,23,2021-08-12
955, 13 ,08,2021,22,2021-08-13
956, 14 ,08,2021,24,2021-08-14
957, 15 ,08,2021,26,2021-08-15
958, 16 ,08,2021,27,2021-08-16
959, 17 ,08,2021,29,2021-08-17
960, 18 ,08,2021,29,2021-08-18
961, 19 ,08,2021,24,2021-08-19
962, 20 ,08,2021,25,2021-08-20
963, 21 ,08,2021,20,2021-08-21
964, 22 ,08,2021,20,2021-08-22
965, 23 ,08,2021,20,2021-08-23
966, 24 ,08,2021,19,2021-08-24
967, 25 ,08,2021,18,2021-08-25
968, 26 ,08,2021,21,2021-08-26
969, 27 ,08,2021,22,2021-08-27
970, 28 ,08,2021,21,2021-08-28
971, 29 ,08,2021,23,2021-08-29
972, 30 ,08,2021,24,2021-08-30
973, 31 ,08,2021,26,2021-08-31
974, 1 ,09,2021,19,2021-09-01
975, 2 ,09,2021,15,2021-09-02
976, 3 ,09,2021,13,2021-09-03
977, 4 ,09,2021,12,2021-09-04
978, 5 ,09,2021,10,2021-09-05
979, 6 ,09,2021,12,2021-09-06
980, 7 ,09,2021,13,2021-09-07
981, 8 ,09,2021,15,2021-09-08
982, 9 ,09,2021,18,2021-09-09
983, 10 ,09,2021,20,2021-09-10
984, 11 ,09,2021,18,2021-09-11
985, 12 ,09,2021,21,2021-09-12
986, 13 ,09,2021,22,2021-09-13
987, 14 ,09,2021,15,2021-09-14
988, 15 ,09,2021,12,2021-09-15
989, 16 ,09,2021,10,2021-09-16
990, 17 ,09,2021,8,2021-09-17
991, 18 ,09,2021,11,2021-09-18
992, 19 ,09,2021,9,2021-09-19
993, 20 ,09,2021,7,2021-09-20
994, 21 ,09,2021,8,2021-09-21
995, 22 ,09,2021,8,2021-09-22
996, 23 ,09,2021,11,2021-09-23
997, 24 ,09,2021,11,2021-09-24
998, 25 ,09,2021,11,2021-09-25
999, 26 ,09,2021,12,2021-09-26
1000, 27 ,09,2021,11,2021-09-27
1001, 28 ,09,2021,10,2021-09-28
1002, 29 ,09,2021,10,2021-09-29
1003, 30 ,09,2021,8,2021-09-30
1004, 1 ,10,2021,8,2021-10-01
1005, 2 ,10,2021,9,2021-10-02
1006, 3 ,10,2021,10,2021-10-03
1007, 4 ,10,2021,11,2021-10-04
1008, 5 ,10,2021,9,2021-10-05
1009, 6 ,10,2021,12,2021-10-06
1010, 7 ,10,2021,11,2021-10-07
1011, 8 ,10,2021,12,2021-10-08
1012, 9 ,10,2021,12,2021-10-09
1013, 10 ,10,2021,13,2021-10-10
1014, 11 ,10,2021,12,2021-10-11
1015, 12 ,10,2021,13,2021-10-12
1016, 13 ,10,2021,14,2021-10-13
1017, 14 ,10,2021,9,2021-10-14
1018, 15 ,10,2021,8,2021-10-15
1019, 16 ,10,2021,11,2021-10-16
1020, 17 ,10,2021,8,2021-10-17
1021, 18 ,10,2021,7,2021-10-18
1022, 19 ,10,2021,5,2021-10-19
1023, 20 ,10,2021,3,2021-10-20
1024, 21 ,10,2021,13,2021-10-21
1025, 22 ,10,2021,13,2021-10-22
1026, 23 ,10,2021,9,2021-10-23
1027, 24 ,10,2021,4,2021-10-24
1028, 25 ,10,2021,3,2021-10-25
1029, 26 ,10,2021,7,2021-10-26
1030, 27 ,10,2021,6,2021-10-27
1031, 28 ,10,2021,10,2021-10-28
1032, 29 ,10,2021,9,2021-10-29
1033, 30 ,10,2021,12,2021-10-30
1034, 31 ,10,2021,7,2021-10-31
1035, 1 ,11,2021,9,2021-11-01
1036, 2 ,11,2021,5,2021-11-02
1037, 3 ,11,2021,7,2021-11-03
1038, 4 ,11,2021,9,2021-11-04
1039, 5 ,11,2021,12,2021-11-05
1040, 6 ,11,2021,12,2021-11-06
1041, 7 ,11,2021,7,2021-11-07
1042, 8 ,11,2021,6,2021-11-08
1043, 9 ,11,2021,3,2021-11-09
1044, 10 ,11,2021,1,2021-11-10
1045, 11 ,11,2021,2,2021-11-11
1046, 12 ,11,2021,5,2021-11-12
1047, 13 ,11,2021,4,2021-11-13
1048, 14 ,11,2021,2,2021-11-14
1049, 15 ,11,2021,1,2021-11-15
1050, 16 ,11,2021,1,2021-11-16
1051, 17 ,11,2021,0,2021-11-17
1052, 18 ,11,2021,0,2021-11-18
1053, 19 ,11,2021,2,2021-11-19
1054, 20 ,11,2021,2,2021-11-20
1055, 21 ,11,2021,2,2021-11-21
1056, 22 ,11,2021,-1,2021-11-22
1057, 23 ,11,2021,-2,2021-11-23
1058, 24 ,11,2021,1,2021-11-24
1059, 25 ,11,2021,2,2021-11-25
1060, 26 ,11,2021,2,2021-11-26
1061, 27 ,11,2021,2,2021-11-27
1062, 28 ,11,2021,4,2021-11-28
1063, 29 ,11,2021,4,2021-11-29
1064, 30 ,11,2021,7,2021-11-30
1065, 1 ,12,2021,-2,2021-12-01
1066, 2 ,12,2021,0,2021-12-02
1067, 3 ,12,2021,2,2021-12-03
1068, 4 ,12,2021,0,2021-12-04
1069, 5 ,12,2021,-2,2021-12-05
1070, 6 ,12,2021,-3,2021-12-06
1071, 7 ,12,2021,0,2021-12-07
1072, 8 ,12,2021,-1,2021-12-08
1073, 9 ,12,2021,-10,2021-12-09
1074, 10 ,12,2021,-12,2021-12-10
1075, 11 ,12,2021,-11,2021-12-11
1076, 12 ,12,2021,-3,2021-12-12
1077, 13 ,12,2021,-2,2021-12-13
1078, 14 ,12,2021,-3,2021-12-14
1079, 15 ,12,2021,-1,2021-12-15
1080, 16 ,12,2021,1,2021-12-16
1081, 17 ,12,2021,1,2021-12-17
1082, 18 ,12,2021,-1,2021-12-18
1083, 19 ,12,2021,0,2021-12-19
1084, 20 ,12,2021,-4,2021-12-20
1085, 21 ,12,2021,-16,2021-12-21
1086, 22 ,12,2021,-21,2021-12-22
1087, 23 ,12,2021,-11,2021-12-23
1088, 24 ,12,2021,-10,2021-12-24
1089, 25 ,12,2021,-7,2021-12-25
1090, 26 ,12,2021,-6,2021-12-26
1091, 27 ,12,2021,-9,2021-12-27
1092, 28 ,12,2021,-10,2021-12-28
1093, 29 ,12,2021,-11,2021-12-29
1094, 30 ,12,2021,-9,2021-12-30
1095, 31 ,12,2021,-3,2021-12-31
1096, 1 ,01,2022,-1,2022-01-01
1097, 2 ,01,2022,-4,2022-01-02
1098, 3 ,01,2022,-8,2022-01-03
1099, 4 ,01,2022,-8,2022-01-04
1100, 5 ,01,2022,-6,2022-01-05
1101, 6 ,01,2022,0,2022-01-06
1102, 7 ,01,2022,-1,2022-01-07
1103, 8 ,01,2022,-4,2022-01-08
1104, 9 ,01,2022,-4,2022-01-09
1105, 10 ,01,2022,-6,2022-01-10
1106, 11 ,01,2022,-7,2022-01-11
1107, 12 ,01,2022,-13,2022-01-12
1108, 13 ,01,2022,-2,2022-01-13
1109, 14 ,01,2022,2,2022-01-14
1110, 15 ,01,2022,-2,2022-01-15
1111, 16 ,01,2022,-3,2022-01-16
1112, 17 ,01,2022,-2,2022-01-17
1113, 18 ,01,2022,-2,2022-01-18
1114, 19 ,01,2022,-6,2022-01-19
1115, 20 ,01,2022,-3,2022-01-20
1116, 21 ,01,2022,-3,2022-01-21
1117, 22 ,01,2022,-4,2022-01-22
1118, 23 ,01,2022,-5,2022-01-23
1119, 24 ,01,2022,-7,2022-01-24
1120, 25 ,01,2022,-8,2022-01-25
1121, 26 ,01,2022,-4,2022-01-26
1122, 27 ,01,2022,-7,2022-01-27
1123, 28 ,01,2022,-6,2022-01-28
1124, 29 ,01,2022,-6,2022-01-29
1125, 30 ,01,2022,-3,2022-01-30
1126, 31 ,01,2022,-2,2022-01-31
1127, 1 ,02,2022,-1,2022-02-01
1128, 2 ,02,2022,-4,2022-02-02
1129, 3 ,02,2022,-6,2022-02-03
1130, 4 ,02,2022,-6,2022-02-04
1131, 5 ,02,2022,-8,2022-02-05
1132, 6 ,02,2022,-7,2022-02-06
1133, 7 ,02,2022,-1,2022-02-07
1134, 8 ,02,2022,1,2022-02-08
1135, 9 ,02,2022,-1,2022-02-09
1136, 10 ,02,2022,1,2022-02-10
1137, 11 ,02,2022,1,2022-02-11
1138, 12 ,02,2022,-1,2022-02-12
1139, 13 ,02,2022,1,2022-02-13
1140, 14 ,02,2022,0,2022-02-14
1141, 15 ,02,2022,1,2022-02-15
1142, 16 ,02,2022,-1,2022-02-16
1143, 17 ,02,2022,2,2022-02-17
1144, 18 ,02,2022,2,2022-02-18
1145, 19 ,02,2022,2,2022-02-19
1146, 20 ,02,2022,1,2022-02-20
1147, 21 ,02,2022,1,2022-02-21
1148, 22 ,02,2022,3,2022-02-22
1149, 23 ,02,2022,1,2022-02-23
1150, 24 ,02,2022,0,2022-02-24
1151, 25 ,02,2022,2,2022-02-25
1152, 26 ,02,2022,2,2022-02-26
1153, 27 ,02,2022,-1,2022-02-27
1154, 28 ,02,2022,0,2022-02-28
1155, 1 ,03,2022,1,2022-03-01
1156, 2 ,03,2022,2,2022-03-02
1157, 3 ,03,2022,3,2022-03-03
1158, 4 ,03,2022,-2,2022-03-04
1159, 5 ,03,2022,-1,2022-03-05
1160, 6 ,03,2022,-1,2022-03-06
1161, 7 ,03,2022,0,2022-03-07
1162, 8 ,03,2022,-3,2022-03-08
1163, 9 ,03,2022,-7,2022-03-09
1164, 10 ,03,2022,-6,2022-03-10
1165, 11 ,03,2022,-1,2022-03-11
1166, 12 ,03,2022,-1,2022-03-12
1167, 13 ,03,2022,2,2022-03-13
1168, 14 ,03,2022,3,2022-03-14
1169, 15 ,03,2022,0,2022-03-15
1170, 16 ,03,2022,-1,2022-03-16
1171, 17 ,03,2022,0,2022-03-17
1172, 18 ,03,2022,3,2022-03-18
1173, 19 ,03,2022,5,2022-03-19
1174, 20 ,03,2022,6,2022-03-20
1175, 21 ,03,2022,7,2022-03-21
1176, 22 ,03,2022,9,2022-03-22
1177, 23 ,03,2022,10,2022-03-23
1178, 24 ,03,2022,11,2022-03-24
1179, 25 ,03,2022,8,2022-03-25
1180, 26 ,03,2022,5,2022-03-26
1181, 27 ,03,2022,-1,2022-03-27
1182, 28 ,03,2022,3,2022-03-28
1183, 29 ,03,2022,1,2022-03-29
1184, 30 ,03,2022,0,2022-03-30
1185, 31 ,03,2022,2,2022-03-31
1186, 1 ,04,2022,4,2022-04-01
1187, 2 ,04,2022,1,2022-04-02
1188, 3 ,04,2022,1,2022-04-03
1189, 4 ,04,2022,3,2022-04-04
1190, 5 ,04,2022,3,2022-04-05
1191, 6 ,04,2022,3,2022-04-06
1192, 7 ,04,2022,6,2022-04-07
1193, 8 ,04,2022,14,2022-04-08
1194, 9 ,04,2022,11,2022-04-09
1195, 10 ,04,2022,8,2022-04-10
1196, 11 ,04,2022,5,2022-04-11
1197, 12 ,04,2022,12,2022-04-12
1198, 13 ,04,2022,7,2022-04-13
1199, 14 ,04,2022,10,2022-04-14
1200, 15 ,04,2022,10,2022-04-15
1201, 16 ,04,2022,5,2022-04-16
1202, 17 ,04,2022,6,2022-04-17
1203, 18 ,04,2022,10,2022-04-18
1204, 19 ,04,2022,14,2022-04-19
1205, 20 ,04,2022,14,2022-04-20
1206, 21 ,04,2022,8,2022-04-21
1207, 22 ,04,2022,12,2022-04-22
1208, 23 ,04,2022,15,2022-04-23
1209, 24 ,04,2022,13,2022-04-24
1210, 25 ,04,2022,17,2022-04-25
1211, 26 ,04,2022,16,2022-04-26
1212, 27 ,04,2022,12,2022-04-27
1213, 28 ,04,2022,8,2022-04-28
1214, 29 ,04,2022,10,2022-04-29
1215, 30 ,04,2022,7,2022-04-30
1216, 1 ,05,2022,13,2022-05-01
1217, 2 ,05,2022,14,2022-05-02
1218, 3 ,05,2022,17,2022-05-03
1219, 4 ,05,2022,9,2022-05-04
1220, 5 ,05,2022,10,2022-05-05
1221, 6 ,05,2022,16,2022-05-06
1222, 7 ,05,2022,18,2022-05-07
1223, 8 ,05,2022,17,2022-05-08
1224, 9 ,05,2022,10,2022-05-09
1225, 10 ,05,2022,9,2022-05-10
1226, 11 ,05,2022,17,2022-05-11
1227, 12 ,05,2022,22,2022-05-12
1228, 13 ,05,2022,16,2022-05-13
1229, 14 ,05,2022,16,2022-05-14
1230, 15 ,05,2022,16,2022-05-15
1231, 16 ,05,2022,14,2022-05-16
1232, 17 ,05,2022,13,2022-05-17
1233, 18 ,05,2022,15,2022-05-18
1234, 19 ,05,2022,14,2022-05-19
1235, 20 ,05,2022,12,2022-05-20
1236, 21 ,05,2022,15,2022-05-21
1237, 22 ,05,2022,11,2022-05-22
1238, 23 ,05,2022,14,2022-05-23
1239, 24 ,05,2022,9,2022-05-24
1240, 25 ,05,2022,14,2022-05-25
1241, 26 ,05,2022,20,2022-05-26
1242, 27 ,05,2022,15,2022-05-27
1243, 28 ,05,2022,13,2022-05-28
1244, 29 ,05,2022,15,2022-05-29
1245, 30 ,05,2022,20,2022-05-30
1246, 31 ,05,2022,18,2022-05-31
1247, 1 ,06,2022,23,2022-06-01
1248, 2 ,06,2022,25,2022-06-02
1249, 3 ,06,2022,19,2022-06-03
1250, 4 ,06,2022,20,2022-06-04
1251, 5 ,06,2022,18,2022-06-05
1252, 6 ,06,2022,21,2022-06-06
1253, 7 ,06,2022,20,2022-06-07
1254, 8 ,06,2022,23,2022-06-08
1255, 9 ,06,2022,27,2022-06-09
1256, 10 ,06,2022,26,2022-06-10
1257, 11 ,06,2022,25,2022-06-11
1258, 12 ,06,2022,24,2022-06-12
1259, 13 ,06,2022,24,2022-06-13
1260, 14 ,06,2022,27,2022-06-14
1261, 15 ,06,2022,19,2022-06-15
1262, 16 ,06,2022,22,2022-06-16
1263, 17 ,06,2022,21,2022-06-17
1264, 18 ,06,2022,21,2022-06-18
1265, 19 ,06,2022,24,2022-06-19
1266, 20 ,06,2022,21,2022-06-20
1267, 21 ,06,2022,20,2022-06-21
1268, 22 ,06,2022,22,2022-06-22
1269, 23 ,06,2022,24,2022-06-23
1270, 24 ,06,2022,27,2022-06-24
1271, 25 ,06,2022,28,2022-06-25
1272, 26 ,06,2022,30,2022-06-26
1273, 27 ,06,2022,32,2022-06-27
1274, 28 ,06,2022,25,2022-06-28
1275, 29 ,06,2022,23,2022-06-29
1276, 30 ,06,2022,25,2022-06-30
1277, 1 ,07,2022,22,2022-07-01
1278, 2 ,07,2022,25,2022-07-02
1279, 3 ,07,2022,30,2022-07-03
1280, 4 ,07,2022,30,2022-07-04
1281, 5 ,07,2022,30,2022-07-05
1282, 6 ,07,2022,30,2022-07-06
1283, 7 ,07,2022,31,2022-07-07
1284, 8 ,07,2022,24,2022-07-08
1285, 9 ,07,2022,26,2022-07-09
1286, 10 ,07,2022,29,2022-07-10
1287, 11 ,07,2022,31,2022-07-11
1288, 12 ,07,2022,25,2022-07-12
1289, 13 ,07,2022,24,2022-07-13
1290, 14 ,07,2022,24,2022-07-14
1291, 15 ,07,2022,23,2022-07-15
1292, 16 ,07,2022,22,2022-07-16
1293, 17 ,07,2022,22,2022-07-17
1294, 18 ,07,2022,21,2022-07-18
1295, 19 ,07,2022,21,2022-07-19
1296, 20 ,07,2022,21,2022-07-20
1297, 21 ,07,2022,21,2022-07-21
1298, 22 ,07,2022,25,2022-07-22
1299, 23 ,07,2022,28,2022-07-23
1300, 24 ,07,2022,28,2022-07-24
1301, 25 ,07,2022,26,2022-07-25
1302, 26 ,07,2022,28,2022-07-26
1303, 27 ,07,2022,31,2022-07-27
1304, 28 ,07,2022,25,2022-07-28
1305, 29 ,07,2022,23,2022-07-29
1306, 30 ,07,2022,23,2022-07-30
1307, 31 ,07,2022,24,2022-07-31
1308, 1 ,08,2022,25,2022-08-01
1309, 2 ,08,2022,26,2022-08-02
1310, 3 ,08,2022,29,2022-08-03
1311, 4 ,08,2022,29,2022-08-04
1312, 5 ,08,2022,30,2022-08-05
1313, 6 ,08,2022,31,2022-08-06
1314, 7 ,08,2022,29,2022-08-07
1315, 8 ,08,2022,21,2022-08-08
1316, 9 ,08,2022,22,2022-08-09
1317, 10 ,08,2022,23,2022-08-10
1318, 11 ,08,2022,24,2022-08-11
1319, 12 ,08,2022,26,2022-08-12
1320, 13 ,08,2022,27,2022-08-13
1321, 14 ,08,2022,28,2022-08-14
1322, 15 ,08,2022,28,2022-08-15
1323, 16 ,08,2022,29,2022-08-16
1324, 17 ,08,2022,29,2022-08-17
1325, 18 ,08,2022,29,2022-08-18
1326, 19 ,08,2022,26,2022-08-19
1327, 20 ,08,2022,21,2022-08-20
1328, 21 ,08,2022,26,2022-08-21
1329, 22 ,08,2022,29,2022-08-22
1330, 23 ,08,2022,31,2022-08-23
1331, 24 ,08,2022,31,2022-08-24
1332, 25 ,08,2022,31,2022-08-25
1333, 26 ,08,2022,32,2022-08-26
1334, 27 ,08,2022,31,2022-08-27
1335, 28 ,08,2022,31,2022-08-28
1336, 29 ,08,2022,27,2022-08-29
1337, 30 ,08,2022,29,2022-08-30
1338, 31 ,08,2022,21,2022-08-31
1339, 1 ,09,2022,15,2022-09-01
1340, 2 ,09,2022,13,2022-09-02
1341, 3 ,09,2022,15,2022-09-03
1342, 4 ,09,2022,15,2022-09-04
1343, 5 ,09,2022,12,2022-09-05
1344, 6 ,09,2022,11,2022-09-06
1345, 7 ,09,2022,14,2022-09-07
1346, 8 ,09,2022,11,2022-09-08
1347, 9 ,09,2022,12,2022-09-09
1348, 10 ,09,2022,15,2022-09-10
1349, 11 ,09,2022,16,2022-09-11
1350, 12 ,09,2022,14,2022-09-12
1351, 13 ,09,2022,14,2022-09-13
1352, 14 ,09,2022,15,2022-09-14
1353, 15 ,09,2022,14,2022-09-15
1354, 16 ,09,2022,16,2022-09-16
1355, 17 ,09,2022,16,2022-09-17
1356, 18 ,09,2022,17,2022-09-18
1357, 19 ,09,2022,15,2022-09-19
1358, 20 ,09,2022,15,2022-09-20
1359, 21 ,09,2022,15,2022-09-21
1360, 22 ,09,2022,14,2022-09-22
1361, 23 ,09,2022,14,2022-09-23
1362, 24 ,09,2022,10,2022-09-24
1363, 25 ,09,2022,9,2022-09-25
1364, 26 ,09,2022,10,2022-09-26
1365, 27 ,09,2022,12,2022-09-27
1366, 28 ,09,2022,11,2022-09-28
1367, 29 ,09,2022,14,2022-09-29
1368, 30 ,09,2022,17,2022-09-30
1369, 1 ,10,2022,15,2022-10-01
1370, 2 ,10,2022,13,2022-10-02
1371, 3 ,10,2022,16,2022-10-03
1372, 4 ,10,2022,13,2022-10-04
1373, 5 ,10,2022,9,2022-10-05
1374, 6 ,10,2022,12,2022-10-06
1375, 7 ,10,2022,14,2022-10-07
1376, 8 ,10,2022,15,2022-10-08
1377, 9 ,10,2022,15,2022-10-09
1378, 10 ,10,2022,12,2022-10-10
1379, 11 ,10,2022,11,2022-10-11
1380, 12 ,10,2022,10,2022-10-12
1381, 13 ,10,2022,10,2022-10-13
1382, 14 ,10,2022,8,2022-10-14
1383, 15 ,10,2022,10,2022-10-15
1384, 16 ,10,2022,12,2022-10-16
1385, 17 ,10,2022,9,2022-10-17
1386, 18 ,10,2022,13,2022-10-18
1387, 19 ,10,2022,9,2022-10-19
1388, 20 ,10,2022,7,2022-10-20
1389, 21 ,10,2022,6,2022-10-21
1390, 22 ,10,2022,7,2022-10-22
1391, 23 ,10,2022,8,2022-10-23
1392, 24 ,10,2022,7,2022-10-24
1393, 25 ,10,2022,5,2022-10-25
1394, 26 ,10,2022,5,2022-10-26
1395, 27 ,10,2022,6,2022-10-27
1396, 28 ,10,2022,10,2022-10-28
1397, 29 ,10,2022,10,2022-10-29
1398, 30 ,10,2022,11,2022-10-30
1399, 31 ,10,2022,4,2022-10-31
1400, 1 ,11,2022,2,2022-11-01
1401, 2 ,11,2022,1,2022-11-02
1402, 3 ,11,2022,1,2022-11-03
1403, 4 ,11,2022,0,2022-11-04
1404, 5 ,11,2022,1,2022-11-05
1405, 6 ,11,2022,0,2022-11-06
1406, 7 ,11,2022,2,2022-11-07
1407, 8 ,11,2022,5,2022-11-08
1408, 9 ,11,2022,9,2022-11-09
1409, 10 ,11,2022,9,2022-11-10
1410, 11 ,11,2022,9,2022-11-11
1411, 12 ,11,2022,12,2022-11-12
1412, 13 ,11,2022,10,2022-11-13
1413, 14 ,11,2022,3,2022-11-14
1414, 15 ,11,2022,-1,2022-11-15
1415, 16 ,11,2022,-1,2022-11-16
1416, 17 ,11,2022,-3,2022-11-17
1417, 18 ,11,2022,-4,2022-11-18
1418, 19 ,11,2022,-4,2022-11-19
1419, 20 ,11,2022,-2,2022-11-20
1420, 21 ,11,2022,-4,2022-11-21
1421, 22 ,11,2022,1,2022-11-22
1422, 23 ,11,2022,1,2022-11-23
1423, 24 ,11,2022,-3,2022-11-24
1424, 25 ,11,2022,-6,2022-11-25
1425, 26 ,11,2022,-5,2022-11-26
1426, 27 ,11,2022,-3,2022-11-27
1427, 28 ,11,2022,-4,2022-11-28
1428, 29 ,11,2022,-5,2022-11-29
1429, 30 ,11,2022,-8,2022-11-30
1430, 1 ,12,2022,-7,2022-12-01
1431, 2 ,12,2022,-7,2022-12-02
1432, 3 ,12,2022,-7,2022-12-03
1433, 4 ,12,2022,-7,2022-12-04
1434, 5 ,12,2022,-10,2022-12-05
1435, 6 ,12,2022,-8,2022-12-06
1436, 7 ,12,2022,-8,2022-12-07
1437, 8 ,12,2022,-5,2022-12-08
1438, 9 ,12,2022,-4,2022-12-09
1439, 10 ,12,2022,-1,2022-12-10
1440, 11 ,12,2022,1,2022-12-11
1441, 12 ,12,2022,3,2022-12-12
1442, 13 ,12,2022,1,2022-12-13
1443, 14 ,12,2022,-2,2022-12-14
1444, 15 ,12,2022,-6,2022-12-15
1445, 16 ,12,2022,-2,2022-12-16
1446, 17 ,12,2022,-5,2022-12-17
1447, 18 ,12,2022,-5,2022-12-18
1448, 19 ,12,2022,-2,2022-12-19
1449, 20 ,12,2022,-4,2022-12-20
1450, 21 ,12,2022,-1,2022-12-21
1451, 22 ,12,2022,1,2022-12-22
1452, 23 ,12,2022,1,2022-12-23
1453, 24 ,12,2022,1,2022-12-24
1454, 25 ,12,2022,-1,2022-12-25
1455, 26 ,12,2022,-5,2022-12-26
1456, 27 ,12,2022,-1,2022-12-27
1457, 28 ,12,2022,-1,2022-12-28
1458, 29 ,12,2022,-1,2022-12-29
1459, 30 ,12,2022,1,2022-12-30
1460, 31 ,12,2022,1,2022-12-31
1461, 1 ,01,2023,6,2023-01-01
1462, 2 ,01,2023,5,2023-01-02
1463, 3 ,01,2023,3,2023-01-03
1464, 4 ,01,2023,1,2023-01-04
1465, 5 ,01,2023,-3,2023-01-05
1466, 6 ,01,2023,-16,2023-01-06
1467, 7 ,01,2023,-24,2023-01-07
1468, 8 ,01,2023,-16,2023-01-08
1469, 9 ,01,2023,-19,2023-01-09
1470, 10 ,01,2023,-12,2023-01-10
1471, 11 ,01,2023,-9,2023-01-11
1472, 12 ,01,2023,-8,2023-01-12
1473, 13 ,01,2023,-4,2023-01-13
1474, 14 ,01,2023,-2,2023-01-14
1475, 15 ,01,2023,-3,2023-01-15
1476, 16 ,01,2023,-3,2023-01-16
1477, 17 ,01,2023,1,2023-01-17
1478, 18 ,01,2023,1,2023-01-18
1479, 19 ,01,2023,2,2023-01-19
1480, 20 ,01,2023,3,2023-01-20
1481, 21 ,01,2023,1,2023-01-21
1482, 22 ,01,2023,-3,2023-01-22
1483, 23 ,01,2023,-3,2023-01-23
1484, 24 ,01,2023,-2,2023-01-24
1485, 25 ,01,2023,-2,2023-01-25
1486, 26 ,01,2023,-2,2023-01-26
1487, 27 ,01,2023,-2,2023-01-27
1488, 28 ,01,2023,-2,2023-01-28
1489, 29 ,01,2023,-2,2023-01-29
1490, 30 ,01,2023,-2,2023-01-30
1491, 31 ,01,2023,-1,2023-01-31
1492, 1 ,02,2023,0,2023-02-01
1493, 2 ,02,2023,-1,2023-02-02
1494, 3 ,02,2023,0,2023-02-03
1495, 4 ,02,2023,0,2023-02-04
1496, 5 ,02,2023,-2,2023-02-05
1497, 6 ,02,2023,-4,2023-02-06
1498, 7 ,02,2023,-6,2023-02-07
1499, 8 ,02,2023,-4,2023-02-08
1500, 9 ,02,2023,-1,2023-02-09
1501, 10 ,02,2023,-2,2023-02-10
1502, 11 ,02,2023,-2,2023-02-11
1503, 12 ,02,2023,-1,2023-02-12
1504, 13 ,02,2023,0,2023-02-13
1505, 14 ,02,2023,1,2023-02-14
1506, 15 ,02,2023,-2,2023-02-15
1507, 16 ,02,2023,-4,2023-02-16
1508, 17 ,02,2023,-6,2023-02-17
1509, 18 ,02,2023,-6,2023-02-18
1510, 19 ,02,2023,-7,2023-02-19
1511, 20 ,02,2023,-7,2023-02-20
1512, 21 ,02,2023,-12,2023-02-21
1513, 22 ,02,2023,-13,2023-02-22
1514, 23 ,02,2023,-9,2023-02-23
1515, 24 ,02,2023,-4,2023-02-24
1516, 25 ,02,2023,1,2023-02-25
1517, 26 ,02,2023,1,2023-02-26
1518, 27 ,02,2023,-4,2023-02-27
1519, 28 ,02,2023,-2,2023-02-28
1520, 1 ,03,2023,-3,2023-03-01
1521, 2 ,03,2023,-2,2023-03-02
1522, 3 ,03,2023,1,2023-03-03
1523, 4 ,03,2023,-1,2023-03-04
1524, 5 ,03,2023,-1,2023-03-05
1525, 6 ,03,2023,-2,2023-03-06
1526, 7 ,03,2023,-1,2023-03-07
1527, 8 ,03,2023,1,2023-03-08
1528, 9 ,03,2023,-1,2023-03-09
1529, 10 ,03,2023,-4,2023-03-10
1530, 11 ,03,2023,0,2023-03-11
1531, 12 ,03,2023,6,2023-03-12
1532, 13 ,03,2023,-1,2023-03-13
1533, 14 ,03,2023,3,2023-03-14
1534, 15 ,03,2023,5,2023-03-15
1535, 16 ,03,2023,2,2023-03-16
1536, 17 ,03,2023,3,2023-03-17
1537, 18 ,03,2023,2,2023-03-18
1538, 19 ,03,2023,1,2023-03-19
1539, 20 ,03,2023,3,2023-03-20
1540, 21 ,03,2023,5,2023-03-21
1541, 22 ,03,2023,4,2023-03-22
1542, 23 ,03,2023,8,2023-03-23
1543, 24 ,03,2023,7,2023-03-24
1544, 25 ,03,2023,10,2023-03-25
1545, 26 ,03,2023,8,2023-03-26
1546, 27 ,03,2023,9,2023-03-27
1547, 28 ,03,2023,10,2023-03-28
1548, 29 ,03,2023,8,2023-03-29
1549, 30 ,03,2023,6,2023-03-30
1550, 31 ,03,2023,6,2023-03-31
1551, 1 ,04,2023,9,2023-04-01
1552, 2 ,04,2023,10,2023-04-02
1553, 3 ,04,2023,14,2023-04-03
1554, 4 ,04,2023,14,2023-04-04
1555, 5 ,04,2023,14,2023-04-05
1556, 6 ,04,2023,14,2023-04-06
1557, 7 ,04,2023,11,2023-04-07
1558, 8 ,04,2023,12,2023-04-08
1559, 9 ,04,2023,14,2023-04-09
1560, 10 ,04,2023,13,2023-04-10
1561, 11 ,04,2023,15,2023-04-11
1562, 12 ,04,2023,17,2023-04-12
1563, 13 ,04,2023,17,2023-04-13
1564, 14 ,04,2023,8,2023-04-14
1565, 15 ,04,2023,8,2023-04-15
1566, 16 ,04,2023,12,2023-04-16
1567, 17 ,04,2023,14,2023-04-17
1568, 18 ,04,2023,15,2023-04-18
1569, 19 ,04,2023,16,2023-04-19
1570, 20 ,04,2023,16,2023-04-20
1571, 21 ,04,2023,16,2023-04-21
1572, 22 ,04,2023,15,2023-04-22
1573, 23 ,04,2023,18,2023-04-23
1574, 24 ,04,2023,21,2023-04-24
1575, 25 ,04,2023,18,2023-04-25
1576, 26 ,04,2023,16,2023-04-26
1577, 27 ,04,2023,20,2023-04-27
1578, 28 ,04,2023,16,2023-04-28
1579, 29 ,04,2023,13,2023-04-29
1580, 30 ,04,2023,12,2023-04-30
1581, 1 ,05,2023,11,2023-05-01
1582, 2 ,05,2023,14,2023-05-02
1583, 3 ,05,2023,14,2023-05-03
1584, 4 ,05,2023,14,2023-05-04
1585, 5 ,05,2023,8,2023-05-05
1586, 6 ,05,2023,7,2023-05-06
1587, 7 ,05,2023,8,2023-05-07
1588, 8 ,05,2023,11,2023-05-08
1589, 9 ,05,2023,13,2023-05-09
1590, 10 ,05,2023,16,2023-05-10
1591, 11 ,05,2023,18,2023-05-11
1592, 12 ,05,2023,21,2023-05-12
1593, 13 ,05,2023,22,2023-05-13
1594, 14 ,05,2023,17,2023-05-14
1595, 15 ,05,2023,19,2023-05-15
1596, 16 ,05,2023,20,2023-05-16
1597, 17 ,05,2023,23,2023-05-17
1598, 18 ,05,2023,25,2023-05-18
1599, 19 ,05,2023,17,2023-05-19
1600, 20 ,05,2023,15,2023-05-20
1601, 21 ,05,2023,17,2023-05-21
1602, 22 ,05,2023,21,2023-05-22
1603, 23 ,05,2023,19,2023-05-23
1604, 24 ,05,2023,22,2023-05-24
1605, 25 ,05,2023,21,2023-05-25
1606, 26 ,05,2023,25,2023-05-26
1607, 27 ,05,2023,21,2023-05-27
1608, 28 ,05,2023,17,2023-05-28
1609, 29 ,05,2023,21,2023-05-29
1610, 30 ,05,2023,22,2023-05-30
1611, 31 ,05,2023,14,2023-05-31
1612, 1 ,06,2023,21,2023-06-01
1613, 2 ,06,2023,24,2023-06-02
1614, 3 ,06,2023,12,2023-06-03
1615, 4 ,06,2023,15,2023-06-04
1616, 5 ,06,2023,18,2023-06-05
1617, 6 ,06,2023,20,2023-06-06
1618, 7 ,06,2023,22,2023-06-07
1619, 8 ,06,2023,23,2023-06-08
1620, 9 ,06,2023,24,2023-06-09
1621, 10 ,06,2023,17,2023-06-10
1622, 11 ,06,2023,17,2023-06-11
1623, 12 ,06,2023,19,2023-06-12
1624, 13 ,06,2023,21,2023-06-13
1625, 14 ,06,2023,24,2023-06-14
1626, 15 ,06,2023,26,2023-06-15
1627, 16 ,06,2023,28,2023-06-16
1628, 17 ,06,2023,27,2023-06-17
1629, 18 ,06,2023,25,2023-06-18
1630, 19 ,06,2023,22,2023-06-19
1631, 20 ,06,2023,25,2023-06-20
1632, 21 ,06,2023,22,2023-06-21
1633, 22 ,06,2023,26,2023-06-22
1634, 23 ,06,2023,21,2023-06-23
1635, 24 ,06,2023,20,2023-06-24
1636, 25 ,06,2023,23,2023-06-25
1637, 26 ,06,2023,24,2023-06-26
1638, 27 ,06,2023,24,2023-06-27
1639, 28 ,06,2023,22,2023-06-28
1640, 29 ,06,2023,21,2023-06-29
1641, 30 ,06,2023,19,2023-06-30
1642, 1 ,07,2023,25,2023-07-01
1643, 2 ,07,2023,23,2023-07-02
1644, 3 ,07,2023,23,2023-07-03
1645, 4 ,07,2023,25,2023-07-04
1646, 5 ,07,2023,26,2023-07-05
1647, 6 ,07,2023,28,2023-07-06
1648, 7 ,07,2023,27,2023-07-07
1649, 8 ,07,2023,23,2023-07-08
1650, 9 ,07,2023,24,2023-07-09
1651, 10 ,07,2023,20,2023-07-10
1652, 11 ,07,2023,18,2023-07-11
1653, 12 ,07,2023,17,2023-07-12
1654, 13 ,07,2023,17,2023-07-13
1655, 14 ,07,2023,18,2023-07-14
1656, 15 ,07,2023,19,2023-07-15
1657, 16 ,07,2023,22,2023-07-16
1658, 17 ,07,2023,26,2023-07-17
1659, 18 ,07,2023,26,2023-07-18
1660, 19 ,07,2023,19,2023-07-19
1661, 20 ,07,2023,21,2023-07-20
1662, 21 ,07,2023,21,2023-07-21
1663, 22 ,07,2023,23,2023-07-22
1664, 23 ,07,2023,22,2023-07-23
1665, 24 ,07,2023,19,2023-07-24
1666, 25 ,07,2023,24,2023-07-25
1667, 26 ,07,2023,24,2023-07-26
1668, 27 ,07,2023,25,2023-07-27
1669, 28 ,07,2023,24,2023-07-28
1670, 29 ,07,2023,18,2023-07-29
1671, 30 ,07,2023,23,2023-07-30
1672, 31 ,07,2023,25,2023-07-31
1673, 1 ,08,2023,26,2023-08-01
1674, 2 ,08,2023,26,2023-08-02
1675, 3 ,08,2023,29,2023-08-03
1676, 4 ,08,2023,28,2023-08-04
1677, 5 ,08,2023,31,2023-08-05
1678, 6 ,08,2023,31,2023-08-06
1679, 7 ,08,2023,29,2023-08-07
1680, 8 ,08,2023,26,2023-08-08
1681, 9 ,08,2023,25,2023-08-09
1682, 10 ,08,2023,25,2023-08-10
1683, 11 ,08,2023,26,2023-08-11
1684, 12 ,08,2023,24,2023-08-12
1685, 13 ,08,2023,20,2023-08-13
1686, 14 ,08,2023,24,2023-08-14
1687, 15 ,08,2023,25,2023-08-15
1688, 16 ,08,2023,26,2023-08-16
1689, 17 ,08,2023,27,2023-08-17
1690, 18 ,08,2023,28,2023-08-18
1691, 19 ,08,2023,27,2023-08-19
1692, 20 ,08,2023,25,2023-08-20
1693, 21 ,08,2023,21,2023-08-21
1694, 22 ,08,2023,19,2023-08-22
1695, 23 ,08,2023,20,2023-08-23
1696, 24 ,08,2023,17,2023-08-24
1697, 25 ,08,2023,19,2023-08-25
1698, 26 ,08,2023,19,2023-08-26
1699, 27 ,08,2023,21,2023-08-27
1700, 28 ,08,2023,20,2023-08-28
1701, 29 ,08,2023,17,2023-08-29
1702, 30 ,08,2023,20,2023-08-30
1703, 31 ,08,2023,25,2023-08-31
1704, 1 ,09,2023,27,2023-09-01
1705, 2 ,09,2023,21,2023-09-02
1706, 3 ,09,2023,22,2023-09-03
1707, 4 ,09,2023,22,2023-09-04
1708, 5 ,09,2023,22,2023-09-05
1709, 6 ,09,2023,21,2023-09-06
1710, 7 ,09,2023,16,2023-09-07
1711, 8 ,09,2023,15,2023-09-08
1712, 9 ,09,2023,16,2023-09-09
1713, 10 ,09,2023,18,2023-09-10
1714, 11 ,09,2023,19,2023-09-11
1715, 12 ,09,2023,19,2023-09-12
1716, 13 ,09,2023,20,2023-09-13
1717, 14 ,09,2023,20,2023-09-14
1718, 15 ,09,2023,21,2023-09-15
1719, 16 ,09,2023,16,2023-09-16
1720, 17 ,09,2023,18,2023-09-17
1721, 18 ,09,2023,17,2023-09-18
1722, 19 ,09,2023,20,2023-09-19
1723, 20 ,09,2023,24,2023-09-20
1724, 21 ,09,2023,20,2023-09-21
1725, 22 ,09,2023,24,2023-09-22
1726, 23 ,09,2023,24,2023-09-23
1727, 24 ,09,2023,24,2023-09-24
1728, 25 ,09,2023,19,2023-09-25
1729, 26 ,09,2023,17,2023-09-26
1730, 27 ,09,2023,19,2023-09-27
1731, 28 ,09,2023,21,2023-09-28
1732, 29 ,09,2023,23,2023-09-29
1733, 30 ,09,2023,22,2023-09-30
1734, 1 ,10,2023,17,2023-10-01
1735, 2 ,10,2023,14,2023-10-02
1736, 3 ,10,2023,16,2023-10-03
1737, 4 ,10,2023,17,2023-10-04
1738, 5 ,10,2023,14,2023-10-05
1739, 6 ,10,2023,13,2023-10-06
1740, 7 ,10,2023,9,2023-10-07
1741, 8 ,10,2023,7,2023-10-08
1742, 9 ,10,2023,5,2023-10-09
1743, 10 ,10,2023,4,2023-10-10
1744, 11 ,10,2023,7,2023-10-11
1745, 12 ,10,2023,12,2023-10-12
1746, 13 ,10,2023,12,2023-10-13
1747, 14 ,10,2023,14,2023-10-14
1748, 15 ,10,2023,14,2023-10-15
1749, 16 ,10,2023,8,2023-10-16
1750, 17 ,10,2023,6,2023-10-17
1751, 18 ,10,2023,6,2023-10-18
1752, 19 ,10,2023,6,2023-10-19
1753, 20 ,10,2023,6,2023-10-20
1754, 21 ,10,2023,5,2023-10-21
1755, 22 ,10,2023,4,2023-10-22
1756, 23 ,10,2023,6,2023-10-23
1757, 24 ,10,2023,2,2023-10-24
1758, 25 ,10,2023,1,2023-10-25
1759, 26 ,10,2023,1,2023-10-26
1760, 27 ,10,2023,0,2023-10-27
1761, 28 ,10,2023,0,2023-10-28
1762, 29 ,10,2023,1,2023-10-29
1763, 30 ,10,2023,5,2023-10-30
1764, 31 ,10,2023,10,2023-10-31
1765, 1 ,11,2023,15,2023-11-01
1766, 2 ,11,2023,11,2023-11-02
1767, 3 ,11,2023,6,2023-11-03
1768, 4 ,11,2023,7,2023-11-04
1769, 5 ,11,2023,12,2023-11-05
1770, 6 ,11,2023,11,2023-11-06
1771, 7 ,11,2023,9,2023-11-07
1772, 8 ,11,2023,8,2023-11-08
1773, 9 ,11,2023,7,2023-11-09
1774, 10 ,11,2023,6,2023-11-10
1775, 11 ,11,2023,6,2023-11-11
1776, 12 ,11,2023,8,2023-11-12
1777, 13 ,11,2023,7,2023-11-13
1778, 14 ,11,2023,4,2023-11-14
1779, 15 ,11,2023,3,2023-11-15
1780, 16 ,11,2023,1,2023-11-16
1781, 17 ,11,2023,-2,2023-11-17
1782, 18 ,11,2023,-4,2023-11-18
1783, 19 ,11,2023,-5,2023-11-19
1784, 20 ,11,2023,-5,2023-11-20
1785, 21 ,11,2023,-6,2023-11-21
1786, 22 ,11,2023,-7,2023-11-22
1787, 23 ,11,2023,-7,2023-11-23
1788, 24 ,11,2023,-6,2023-11-24
1789, 25 ,11,2023,-6,2023-11-25
1790, 26 ,11,2023,-5,2023-11-26
1791, 27 ,11,2023,2,2023-11-27
1792, 28 ,11,2023,-2,2023-11-28
1793, 29 ,11,2023,-2,2023-11-29
1794, 30 ,11,2023,0,2023-11-30
1795, 1 ,12,2023,-4,2023-12-01
1796, 2 ,12,2023,-5,2023-12-02
1797, 3 ,12,2023,-5,2023-12-03
1798, 4 ,12,2023,-6,2023-12-04
1799, 5 ,12,2023,-10,2023-12-05
1800, 6 ,12,2023,-12,2023-12-06
1801, 7 ,12,2023,-11,2023-12-07
1802, 8 ,12,2023,-13,2023-12-08
1803, 9 ,12,2023,-13,2023-12-09
1804, 10 ,12,2023,-10,2023-12-10
1805, 11 ,12,2023,-7,2023-12-11
1806, 12 ,12,2023,-7,2023-12-12
1807, 13 ,12,2023,-9,2023-12-13
1808, 14 ,12,2023,-10,2023-12-14
1809, 15 ,12,2023,-7,2023-12-15
1810, 16 ,12,2023,-4,2023-12-16
1811, 17 ,12,2023,1,2023-12-17
1812, 18 ,12,2023,2,2023-12-18
1813, 19 ,12,2023,3,2023-12-19
1814, 20 ,12,2023,3,2023-12-20
1815, 21 ,12,2023,1,2023-12-21
1816, 22 ,12,2023,1,2023-12-22
1817, 23 ,12,2023,2,2023-12-23
1818, 24 ,12,2023,0,2023-12-24
1819, 25 ,12,2023,-2,2023-12-25
1820, 26 ,12,2023,1,2023-12-26
1821, 27 ,12,2023,-1,2023-12-27
1822, 28 ,12,2023,-2,2023-12-28
1823, 29 ,12,2023,1,2023-12-29
1824, 30 ,12,2023,3,2023-12-30
1825, 31 ,12,2023,1,2023-12-31
1826, 1 ,01,2024,-10,2024-01-01
1827, 2 ,01,2024,-17,2024-01-02
1828, 3 ,01,2024,-22,2024-01-03
1829, 4 ,01,2024,-22,2024-01-04
1830, 5 ,01,2024,-20,2024-01-05
1831, 6 ,01,2024,-17,2024-01-06
1832, 7 ,01,2024,-19,2024-01-07
1833, 8 ,01,2024,-13,2024-01-08
1834, 9 ,01,2024,-7,2024-01-09
1835, 10 ,01,2024,-3,2024-01-10
1836, 11 ,01,2024,0,2024-01-11
1837, 12 ,01,2024,-11,2024-01-12
1838, 13 ,01,2024,-18,2024-01-13
1839, 14 ,01,2024,-12,2024-01-14
1840, 15 ,01,2024,-3,2024-01-15
1841, 16 ,01,2024,-2,2024-01-16
1842, 17 ,01,2024,-5,2024-01-17
1843, 18 ,01,2024,-8,2024-01-18
1844, 19 ,01,2024,-4,2024-01-19
1845, 20 ,01,2024,-6,2024-01-20
1846, 21 ,01,2024,-10,2024-01-21
1847, 22 ,01,2024,-7,2024-01-22
1848, 23 ,01,2024,-4,2024-01-23
1849, 24 ,01,2024,0,2024-01-24
1850, 25 ,01,2024,0,2024-01-25
1851, 26 ,01,2024,-3,2024-01-26
1852, 27 ,01,2024,-5,2024-01-27
1853, 28 ,01,2024,-4,2024-01-28
1854, 29 ,01,2024,-3,2024-01-29
1855, 30 ,01,2024,1,2024-01-30
1856, 31 ,01,2024,0,2024-01-31
1857, 1 ,02,2024,1,2024-02-01
1858, 2 ,02,2024,0,2024-02-02
1859, 3 ,02,2024,-3,2024-02-03
1860, 4 ,02,2024,1,2024-02-04
1861, 5 ,02,2024,-1,2024-02-05
1862, 6 ,02,2024,-2,2024-02-06
1863, 7 ,02,2024,-6,2024-02-07
1864, 8 ,02,2024,-9,2024-02-08
1865, 9 ,02,2024,-9,2024-02-09
1866, 10 ,02,2024,-12,2024-02-10
1867, 11 ,02,2024,-7,2024-02-11
1868, 12 ,02,2024,-3,2024-02-12
1869, 13 ,02,2024,-4,2024-02-13
1870, 14 ,02,2024,-9,2024-02-14
1871, 15 ,02,2024,-11,2024-02-15
1872, 16 ,02,2024,-8,2024-02-16
1873, 17 ,02,2024,-2,2024-02-17
1874, 18 ,02,2024,0,2024-02-18
1875, 19 ,02,2024,-4,2024-02-19
1876, 20 ,02,2024,-5,2024-02-20
1877, 21 ,02,2024,-4,2024-02-21
1878, 22 ,02,2024,-2,2024-02-22
1879, 23 ,02,2024,1,2024-02-23
1880, 24 ,02,2024,1,2024-02-24
1881, 25 ,02,2024,1,2024-02-25
1882, 26 ,02,2024,1,2024-02-26
1883, 27 ,02,2024,3,2024-02-27
1884, 28 ,02,2024,4,2024-02-28
1885, 29 ,02,2024,4,2024-02-29
1886, 1 ,03,2024,5,2024-03-01
1887, 2 ,03,2024,4,2024-03-02
1888, 3 ,03,2024,6,2024-03-03
1889, 4 ,03,2024,4,2024-03-04
1890, 5 ,03,2024,1,2024-03-05
1891, 6 ,03,2024,0,2024-03-06
1892, 7 ,03,2024,3,2024-03-07
1893, 8 ,03,2024,0,2024-03-08
1894, 9 ,03,2024,-2,2024-03-09
1895, 10 ,03,2024,-2,2024-03-10
1896, 11 ,03,2024,2,2024-03-11
1897, 12 ,03,2024,5,2024-03-12
1898, 13 ,03,2024,5,2024-03-13
1899, 14 ,03,2024,6,2024-03-14
1900, 15 ,03,2024,7,2024-03-15
1901, 16 ,03,2024,9,2024-03-16
1902, 17 ,03,2024,6,2024-03-17
1903, 18 ,03,2024,4,2024-03-18
1904, 19 ,03,2024,4,2024-03-19
1905, 20 ,03,2024,7,2024-03-20
1906, 21 ,03,2024,9,2024-03-21
1907, 22 ,03,2024,9,2024-03-22
1908, 23 ,03,2024,5,2024-03-23
1909, 24 ,03,2024,5,2024-03-24
1910, 25 ,03,2024,6,2024-03-25
1911, 26 ,03,2024,8,2024-03-26
1912, 27 ,03,2024,9,2024-03-27
1913, 28 ,03,2024,10,2024-03-28
1914, 29 ,03,2024,9,2024-03-29
1915, 30 ,03,2024,12,2024-03-30
1916, 31 ,03,2024,16,2024-03-31
1917, 1 ,04,2024,22,2024-04-01
1918, 2 ,04,2024,24,2024-04-02
1919, 3 ,04,2024,18,2024-04-03
1920, 4 ,04,2024,6,2024-04-04
1921, 5 ,04,2024,4,2024-04-05
1922, 6 ,04,2024,8,2024-04-06
1923, 7 ,04,2024,14,2024-04-07
1924, 8 ,04,2024,18,2024-04-08
1925, 9 ,04,2024,18,2024-04-09
1926, 10 ,04,2024,21,2024-04-10
1927, 11 ,04,2024,19,2024-04-11
1928, 12 ,04,2024,15,2024-04-12
1929, 13 ,04,2024,14,2024-04-13
1930, 14 ,04,2024,13,2024-04-14
1931, 15 ,04,2024,10,2024-04-15
1932, 16 ,04,2024,13,2024-04-16
1933, 17 ,04,2024,12,2024-04-17
1934, 18 ,04,2024,11,2024-04-18
1935, 19 ,04,2024,14,2024-04-19
1936, 20 ,04,2024,12,2024-04-20
1937, 21 ,04,2024,18,2024-04-21
1938, 22 ,04,2024,18,2024-04-22
1939, 23 ,04,2024,13,2024-04-23
1940, 24 ,04,2024,14,2024-04-24
1941, 25 ,04,2024,21,2024-04-25
1942, 26 ,04,2024,22,2024-04-26
1943, 27 ,04,2024,15,2024-04-27
1944, 28 ,04,2024,16,2024-04-28
1945, 29 ,04,2024,20,2024-04-29
1946, 30 ,04,2024,23,2024-04-30
1947, 1 ,05,2024,20,2024-05-01
1948, 2 ,05,2024,11,2024-05-02
1949, 3 ,05,2024,10,2024-05-03
1950, 4 ,05,2024,14,2024-05-04
1951, 5 ,05,2024,13,2024-05-05
1952, 6 ,05,2024,10,2024-05-06
1953, 7 ,05,2024,5,2024-05-07
1954, 8 ,05,2024,5,2024-05-08
1955, 9 ,05,2024,6,2024-05-09
1956, 10 ,05,2024,12,2024-05-10
1957, 11 ,05,2024,11,2024-05-11
1958, 12 ,05,2024,7,2024-05-12
1959, 13 ,05,2024,10,2024-05-13
1960, 14 ,05,2024,12,2024-05-14
1961, 15 ,05,2024,17,2024-05-15
1962, 16 ,05,2024,20,2024-05-16
1963, 17 ,05,2024,22,2024-05-17
1964, 18 ,05,2024,21,2024-05-18
1965, 19 ,05,2024,20,2024-05-19
1966, 20 ,05,2024,25,2024-05-20
1967, 21 ,05,2024,25,2024-05-21
1968, 22 ,05,2024,23,2024-05-22
1969, 23 ,05,2024,20,2024-05-23
1970, 24 ,05,2024,22,2024-05-24
1971, 25 ,05,2024,24,2024-05-25
1972, 26 ,05,2024,24,2024-05-26
1973, 27 ,05,2024,23,2024-05-27
1974, 28 ,05,2024,26,2024-05-28
1975, 29 ,05,2024,29,2024-05-29
1976, 30 ,05,2024,29,2024-05-30
1977, 31 ,05,2024,30,2024-05-31
1978, 1 ,06,2024,30,2024-06-01
1979, 2 ,06,2024,27,2024-06-02
1980, 3 ,06,2024,26,2024-06-03
1981, 4 ,06,2024,25,2024-06-04
1982, 5 ,06,2024,28,2024-06-05
1983, 6 ,06,2024,25,2024-06-06
1984, 7 ,06,2024,22,2024-06-07
1985, 8 ,06,2024,23,2024-06-08
1986, 9 ,06,2024,23,2024-06-09
1987, 10 ,06,2024,23,2024-06-10
1988, 11 ,06,2024,26,2024-06-11
1989, 12 ,06,2024,29,2024-06-12
1990, 13 ,06,2024,23,2024-06-13
1991, 14 ,06,2024,22,2024-06-14
1992, 15 ,06,2024,26,2024-06-15
1993, 16 ,06,2024,27,2024-06-16
1994, 17 ,06,2024,27,2024-06-17
1995, 18 ,06,2024,23,2024-06-18
1996, 19 ,06,2024,26,2024-06-19
1997, 20 ,06,2024,24,2024-06-20
1998, 21 ,06,2024,22,2024-06-21
1999, 22 ,06,2024,22,2024-06-22
2000, 23 ,06,2024,24,2024-06-23
2001, 24 ,06,2024,22,2024-06-24
2002, 25 ,06,2024,24,2024-06-25
2003, 26 ,06,2024,23,2024-06-26
2004, 27 ,06,2024,27,2024-06-27
2005, 28 ,06,2024,29,2024-06-28
2006, 29 ,06,2024,31,2024-06-29
2007, 30 ,06,2024,31,2024-06-30
2008, 1 ,07,2024,32,2024-07-01
2009, 2 ,07,2024,33,2024-07-02
2010, 3 ,07,2024,34,2024-07-03
2011, 4 ,07,2024,34,2024-07-04
2012, 5 ,07,2024,30,2024-07-05
2013, 6 ,07,2024,23,2024-07-06
2014, 7 ,07,2024,27,2024-07-07
2015, 8 ,07,2024,29,2024-07-08
2016, 9 ,07,2024,31,2024-07-09
2017, 10 ,07,2024,27,2024-07-10
2018, 11 ,07,2024,28,2024-07-11
2019, 12 ,07,2024,29,2024-07-12
2020, 13 ,07,2024,31,2024-07-13
2021, 14 ,07,2024,31,2024-07-14
2022, 15 ,07,2024,30,2024-07-15
2023, 16 ,07,2024,29,2024-07-16
2024, 17 ,07,2024,31,2024-07-17
2025, 18 ,07,2024,27,2024-07-18
2026, 19 ,07,2024,24,2024-07-19
2027, 20 ,07,2024,25,2024-07-20
2028, 21 ,07,2024,25,2024-07-21
2029, 22 ,07,2024,21,2024-07-22
2030, 23 ,07,2024,24,2024-07-23
2031, 24 ,07,2024,27,2024-07-24
2032, 25 ,07,2024,26,2024-07-25
2033, 26 ,07,2024,25,2024-07-26
2034, 27 ,07,2024,29,2024-07-27
2035, 28 ,07,2024,27,2024-07-28
2036, 29 ,07,2024,22,2024-07-29
2037, 30 ,07,2024,23,2024-07-30
2038, 31 ,07,2024,21,2024-07-31
2039, 1 ,08,2024,20,2024-08-01
2040, 2 ,08,2024,22,2024-08-02
2041, 3 ,08,2024,23,2024-08-03
2042, 4 ,08,2024,24,2024-08-04
2043, 5 ,08,2024,25,2024-08-05
2044, 6 ,08,2024,25,2024-08-06
2045, 7 ,08,2024,25,2024-08-07
2046, 8 ,08,2024,23,2024-08-08
2047, 9 ,08,2024,23,2024-08-09
2048, 10 ,08,2024,26,2024-08-10
2049, 11 ,08,2024,21,2024-08-11
2050, 12 ,08,2024,19,2024-08-12
2051, 13 ,08,2024,20,2024-08-13
2052, 14 ,08,2024,23,2024-08-14
2053, 15 ,08,2024,22,2024-08-15
2054, 16 ,08,2024,25,2024-08-16
2055, 17 ,08,2024,25,2024-08-17
2056, 18 ,08,2024,28,2024-08-18
2057, 19 ,08,2024,29,2024-08-19
2058, 20 ,08,2024,25,2024-08-20
2059, 21 ,08,2024,25,2024-08-21
2060, 22 ,08,2024,26,2024-08-22
2061, 23 ,08,2024,25,2024-08-23
2062, 24 ,08,2024,24,2024-08-24
2063, 25 ,08,2024,29,2024-08-25
2064, 26 ,08,2024,30,2024-08-26
2065, 27 ,08,2024,30,2024-08-27
2066, 28 ,08,2024,27,2024-08-28
2067, 29 ,08,2024,27,2024-08-29
2068, 30 ,08,2024,26,2024-08-30
2069, 31 ,08,2024,27,2024-08-31
2070, 1 ,09,2024,30,2024-09-01
2071, 2 ,09,2024,28,2024-09-02
2072, 3 ,09,2024,28,2024-09-03
2073, 4 ,09,2024,23,2024-09-04
2074, 5 ,09,2024,22,2024-09-05
2075, 6 ,09,2024,24,2024-09-06
2076, 7 ,09,2024,25,2024-09-07
2077, 8 ,09,2024,26,2024-09-08
2078, 9 ,09,2024,27,2024-09-09
2079, 10 ,09,2024,27,2024-09-10
2080, 11 ,09,2024,25,2024-09-11
2081, 12 ,09,2024,25,2024-09-12
2082, 13 ,09,2024,28,2024-09-13
2083, 14 ,09,2024,26,2024-09-14
2084, 15 ,09,2024,28,2024-09-15
2085, 16 ,09,2024,26,2024-09-16
2086, 17 ,09,2024,26,2024-09-17
2087, 18 ,09,2024,25,2024-09-18
2088, 19 ,09,2024,23,2024-09-19
2089, 20 ,09,2024,22,2024-09-20
2090, 21 ,09,2024,22,2024-09-21
2091, 22 ,09,2024,15,2024-09-22
2092, 23 ,09,2024,15,2024-09-23
2093, 24 ,09,2024,21,2024-09-24
2094, 25 ,09,2024,25,2024-09-25
2095, 26 ,09,2024,23,2024-09-26
2096, 27 ,09,2024,21,2024-09-27
2097, 28 ,09,2024,22,2024-09-28
2098, 29 ,09,2024,21,2024-09-29
2099, 30 ,09,2024,13,2024-09-30
2100, 1 ,10,2024,17,2024-10-01
2101, 2 ,10,2024,21,2024-10-02
2102, 3 ,10,2024,23,2024-10-03
2103, 4 ,10,2024,13,2024-10-04
2104, 5 ,10,2024,13,2024-10-05
2105, 6 ,10,2024,12,2024-10-06
2106, 7 ,10,2024,18,2024-10-07
2107, 8 ,10,2024,14,2024-10-08
2108, 9 ,10,2024,11,2024-10-09
2109, 10 ,10,2024,9,2024-10-10
2110, 11 ,10,2024,13,2024-10-11
2111, 12 ,10,2024,12,2024-10-12
2112, 13 ,10,2024,7,2024-10-13
2113, 14 ,10,2024,5,2024-10-14
2114, 15 ,10,2024,7,2024-10-15
2115, 16 ,10,2024,7,2024-10-16
2116, 17 ,10,2024,8,2024-10-17
2117, 18 ,10,2024,7,2024-10-18
2118, 19 ,10,2024,8,2024-10-19
2119, 20 ,10,2024,13,2024-10-20
2120, 21 ,10,2024,14,2024-10-21
2121, 22 ,10,2024,12,2024-10-22
2122, 23 ,10,2024,12,2024-10-23
2123, 24 ,10,2024,9,2024-10-24
2124, 25 ,10,2024,8,2024-10-25
2125, 26 ,10,2024,7,2024-10-26
2126, 27 ,10,2024,9,2024-10-27
2127, 28 ,10,2024,8,2024-10-28
2128, 29 ,10,2024,8,2024-10-29
2129, 30 ,10,2024,9,2024-10-30
2130, 31 ,10,2024,7,2024-10-31
2131, 1 ,11,2024,10,2024-11-01
2132, 2 ,11,2024,8,2024-11-02
2133, 3 ,11,2024,2,2024-11-03
2134, 4 ,11,2024,0,2024-11-04
2135, 5 ,11,2024,0,2024-11-05
2136, 6 ,11,2024,3,2024-11-06
2137, 7 ,11,2024,6,2024-11-07
2138, 8 ,11,2024,5,2024-11-08
2139, 9 ,11,2024,7,2024-11-09
2140, 10 ,11,2024,6,2024-11-10
2141, 11 ,11,2024,1,2024-11-11
2142, 12 ,11,2024,1,2024-11-12
2143, 13 ,11,2024,2,2024-11-13
2144, 14 ,11,2024,0,2024-11-14
2145, 15 ,11,2024,1,2024-11-15
2146, 16 ,11,2024,5,2024-11-16
2147, 17 ,11,2024,5,2024-11-17
2148, 18 ,11,2024,4,2024-11-18
2149, 19 ,11,2024,4,2024-11-19
2150, 20 ,11,2024,6,2024-11-20
2151, 21 ,11,2024,9,2024-11-21
2152, 22 ,11,2024,2,2024-11-22
2153, 23 ,11,2024,1,2024-11-23
2154, 24 ,11,2024,0,2024-11-24
2155, 25 ,11,2024,-2,2024-11-25
2156, 26 ,11,2024,0,2024-11-26
2157, 27 ,11,2024,-2,2024-11-27
2158, 28 ,11,2024,-2,2024-11-28
2159, 29 ,11,2024,1,2024-11-29
2160, 30 ,11,2024,1,2024-11-30
2161, 1 ,12,2024,2,2024-12-01
2162, 2 ,12,2024,1,2024-12-02
2163, 3 ,12,2024,1,2024-12-03
2164, 4 ,12,2024,0,2024-12-04
2165, 5 ,12,2024,-4,2024-12-05
2166, 6 ,12,2024,-4,2024-12-06
2167, 7 ,12,2024,-2,2024-12-07
2168, 8 ,12,2024,-2,2024-12-08
2169, 9 ,12,2024,-1,2024-12-09
2170, 10 ,12,2024,-2,2024-12-10
2171, 11 ,12,2024,-4,2024-12-11
2172, 12 ,12,2024,-3,2024-12-12
2173, 13 ,12,2024,-5,2024-12-13
2174, 14 ,12,2024,-5,2024-12-14
2175, 15 ,12,2024,-3,2024-12-15
2176, 16 ,12,2024,0,2024-12-16
2177, 17 ,12,2024,0,2024-12-17
2178, 18 ,12,2024,-8,2024-12-18
2179, 19 ,12,2024,-6,2024-12-19
2180, 20 ,12,2024,2,2024-12-20
2181, 21 ,12,2024,2,2024-12-21
2182, 23 ,12,2024,-1,2024-12-23
2183, 24 ,12,2024,0,2024-12-24
2184, 25 ,12,2024,0,2024-12-25
2185, 26 ,12,2024,-2,2024-12-26
2186, 27 ,12,2024,1,2024-12-27
2187, 28 ,12,2024,1,2024-12-28
2188, 29 ,12,2024,2,2024-12-29
2189, 30 ,12,2024,-2,2024-12-30
2190, 31 ,12,2024,-3,2024-12-31
