,temp,data
0,-3,2019-01-01
1,-2,2019-02-01
2,-2,2019-03-01
3,-3,2019-04-01
4,-5,2019-05-01
5,-8,2019-06-01
6,-10,2019-07-01
7,-8,2019-08-01
8,-10,2019-09-01
9,-9,2019-10-01
10,-10,2019-11-01
11,-9,2019-12-01
12,-4,2019-01-13
13,-2,2019-01-14
14,0,2019-01-15
15,-5,2019-01-16
16,-1,2019-01-17
17,1,2019-01-18
18,1,2019-01-19
19,-4,2019-01-20
20,-4,2019-01-21
21,-14,2019-01-22
22,-13,2019-01-23
23,-11,2019-01-24
24,-11,2019-01-25
25,-8,2019-01-26
26,-7,2019-01-27
27,-7,2019-01-28
28,-2,2019-01-29
29,-2,2019-01-30
30,1,2019-01-31
31,-1,2019-01-02
32,-4,2019-02-02
33,1,2019-03-02
34,2,2019-04-02
35,2,2019-05-02
36,-2,2019-06-02
37,-2,2019-07-02
38,0,2019-08-02
39,-2,2019-09-02
40,-3,2019-10-02
41,-1,2019-11-02
42,1,2019-12-02
43,1,2019-02-13
44,-3,2019-02-14
45,2,2019-02-15
46,2,2019-02-16
47,3,2019-02-17
48,-2,2019-02-18
49,0,2019-02-19
50,2,2019-02-20
51,1,2019-02-21
52,-8,2019-02-22
53,-6,2019-02-23
54,0,2019-02-24
55,2,2019-02-25
56,2,2019-02-26
57,-1,2019-02-27
58,2,2019-02-28
59,2,2019-01-03
60,-5,2019-02-03
61,-1,2019-03-03
62,1,2019-04-03
63,4,2019-05-03
64,2,2019-06-03
65,-3,2019-07-03
66,3,2019-08-03
67,4,2019-09-03
68,4,2019-10-03
69,3,2019-11-03
70,0,2019-12-03
71,-2,2019-03-13
72,1,2019-03-14
73,2,2019-03-15
74,0,2019-03-16
75,2,2019-03-17
76,4,2019-03-18
77,4,2019-03-19
78,3,2019-03-20
79,2,2019-03-21
80,2,2019-03-22
81,4,2019-03-23
82,2,2019-03-24
83,6,2019-03-25
84,6,2019-03-26
85,3,2019-03-27
86,3,2019-03-28
87,4,2019-03-29
88,9,2019-03-30
89,15,2019-03-31
90,7,2019-01-04
91,7,2019-02-04
92,9,2019-03-04
93,10,2019-04-04
94,9,2019-05-04
95,8,2019-06-04
96,8,2019-07-04
97,10,2019-08-04
98,17,2019-09-04
99,14,2019-10-04
100,10,2019-11-04
101,5,2019-12-04
102,7,2019-04-13
103,4,2019-04-14
104,11,2019-04-15
105,13,2019-04-16
106,10,2019-04-17
107,11,2019-04-18
108,11,2019-04-19
109,12,2019-04-20
110,16,2019-04-21
111,18,2019-04-22
112,18,2019-04-23
113,22,2019-04-24
114,23,2019-04-25
115,21,2019-04-26
116,23,2019-04-27
117,12,2019-04-28
118,10,2019-04-29
119,12,2019-04-30
120,16,2019-01-05
121,11,2019-02-05
122,16,2019-03-05
123,14,2019-04-05
124,22,2019-05-05
125,23,2019-06-05
126,25,2019-07-05
127,22,2019-08-05
128,25,2019-09-05
129,25,2019-10-05
130,21,2019-11-05
131,21,2019-12-05
132,21,2019-05-13
133,21,2019-05-14
134,22,2019-05-15
135,18,2019-05-16
136,18,2019-05-17
137,21,2019-05-18
138,21,2019-05-19
139,22,2019-05-20
140,25,2019-05-21
141,26,2019-05-22
142,24,2019-05-23
143,18,2019-05-24
144,22,2019-05-25
145,23,2019-05-26
146,21,2019-05-27
147,27,2019-05-28
148,29,2019-05-29
149,29,2019-05-30
150,24,2019-05-31
151,22,2019-01-06
152,25,2019-02-06
153,21,2019-03-06
154,23,2019-04-06
155,26,2019-05-06
156,29,2019-06-06
157,30,2019-07-06
158,30,2019-08-06
159,31,2019-09-06
160,26,2019-10-06
161,28,2019-11-06
162,26,2019-12-06
163,20,2019-06-13
164,24,2019-06-14
165,21,2019-06-15
166,22,2019-06-16
167,26,2019-06-17
168,26,2019-06-18
169,27,2019-06-19
170,29,2019-06-20
171,30,2019-06-21
172,32,2019-06-22
173,26,2019-06-23
174,26,2019-06-24
175,23,2019-06-25
176,24,2019-06-26
177,16,2019-06-27
178,16,2019-06-28
179,13,2019-06-29
180,19,2019-06-30
181,26,2019-01-07
182,22,2019-02-07
183,19,2019-03-07
184,17,2019-04-07
185,19,2019-05-07
186,18,2019-06-07
187,19,2019-07-07
188,20,2019-08-07
189,21,2019-09-07
190,20,2019-10-07
191,18,2019-11-07
192,16,2019-12-07
193,17,2019-07-13
194,19,2019-07-14
195,19,2019-07-15
196,22,2019-07-16
197,21,2019-07-17
198,21,2019-07-18
199,20,2019-07-19
200,21,2019-07-20
201,22,2019-07-21
202,25,2019-07-22
203,20,2019-07-23
204,22,2019-07-24
205,22,2019-07-25
206,27,2019-07-26
207,28,2019-07-27
208,25,2019-07-28
209,17,2019-07-29
210,16,2019-07-30
211,15,2019-07-31
212,15,2019-01-08
213,16,2019-02-08
214,17,2019-03-08
215,14,2019-04-08
216,13,2019-05-08
217,18,2019-06-08
218,21,2019-07-08
219,24,2019-08-08
220,19,2019-09-08
221,17,2019-10-08
222,19,2019-11-08
223,20,2019-12-08
224,24,2019-08-13
225,22,2019-08-14
226,24,2019-08-15
227,19,2019-08-16
228,18,2019-08-17
229,22,2019-08-18
230,21,2019-08-19
231,27,2019-08-20
232,25,2019-08-21
233,24,2019-08-22
234,22,2019-08-23
235,23,2019-08-24
236,20,2019-08-25
237,21,2019-08-26
238,21,2019-08-27
239,17,2019-08-28
240,22,2019-08-29
241,23,2019-08-30
242,22,2019-08-31
243,24,2019-01-09
244,22,2019-02-09
245,23,2019-03-09
246,24,2019-04-09
247,18,2019-05-09
248,23,2019-06-09
249,21,2019-07-09
250,22,2019-08-09
251,23,2019-09-09
252,24,2019-10-09
253,26,2019-11-09
254,26,2019-12-09
255,22,2019-09-13
256,16,2019-09-14
257,13,2019-09-15
258,15,2019-09-16
259,12,2019-09-17
260,13,2019-09-18
261,11,2019-09-19
262,8,2019-09-20
263,10,2019-09-21
264,7,2019-09-22
265,8,2019-09-23
266,8,2019-09-24
267,8,2019-09-25
268,11,2019-09-26
269,10,2019-09-27
270,11,2019-09-28
271,13,2019-09-29
272,14,2019-09-30
273,17,2019-01-10
274,16,2019-02-10
275,20,2019-03-10
276,15,2019-04-10
277,10,2019-05-10
278,5,2019-06-10
279,4,2019-07-10
280,5,2019-08-10
281,6,2019-09-10
282,9,2019-10-10
283,11,2019-11-10
284,11,2019-12-10
285,12,2019-10-13
286,15,2019-10-14
287,15,2019-10-15
288,8,2019-10-16
289,18,2019-10-17
290,15,2019-10-18
291,16,2019-10-19
292,17,2019-10-20
293,17,2019-10-21
294,11,2019-10-22
295,14,2019-10-23
296,11,2019-10-24
297,13,2019-10-25
298,13,2019-10-26
299,14,2019-10-27
300,14,2019-10-28
301,7,2019-10-29
302,2,2019-10-30
303,-1,2019-10-31
304,0,2019-01-11
305,4,2019-02-11
306,4,2019-03-11
307,9,2019-04-11
308,13,2019-05-11
309,11,2019-06-11
310,10,2019-07-11
311,6,2019-08-11
312,4,2019-09-11
313,9,2019-10-11
314,9,2019-11-11
315,8,2019-12-11
316,5,2019-11-13
317,7,2019-11-14
318,6,2019-11-15
319,4,2019-11-16
320,7,2019-11-17
321,6,2019-11-18
322,4,2019-11-19
323,4,2019-11-20
324,-4,2019-11-21
325,-3,2019-11-22
326,-3,2019-11-23
327,-2,2019-11-24
328,-3,2019-11-25
329,-2,2019-11-26
330,-1,2019-11-27
331,-1,2019-11-28
332,2,2019-11-29
333,2,2019-11-30
334,-1,2019-01-12
335,-2,2019-02-12
336,-1,2019-03-12
337,-1,2019-04-12
338,3,2019-05-12
339,2,2019-06-12
340,2,2019-07-12
341,3,2019-08-12
342,3,2019-09-12
343,3,2019-10-12
344,2,2019-11-12
345,2,2019-12-12
346,1,2019-12-13
347,0,2019-12-14
348,2,2019-12-15
349,3,2019-12-16
350,3,2019-12-17
351,5,2019-12-18
352,6,2019-12-19
353,2,2019-12-20
354,2,2019-12-21
355,3,2019-12-22
356,7,2019-12-23
357,7,2019-12-24
358,1,2019-12-25
359,0,2019-12-26
360,-1,2019-12-27
361,0,2019-12-28
362,-2,2019-12-29
363,0,2019-12-30
364,2,2019-12-31
365,1,2020-01-01
366,2,2020-02-01
367,3,2020-03-01
368,1,2020-04-01
369,1,2020-05-01
370,-1,2020-06-01
371,0,2020-07-01
372,1,2020-08-01
373,3,2020-09-01
374,1,2020-10-01
375,0,2020-11-01
376,1,2020-12-01
377,2,2020-01-13
378,1,2020-01-14
379,2,2020-01-15
380,4,2020-01-16
381,4,2020-01-17
382,2,2020-01-18
383,1,2020-01-19
384,2,2020-01-20
385,4,2020-01-21
386,3,2020-01-22
387,-2,2020-01-23
388,1,2020-01-24
389,2,2020-01-25
390,2,2020-01-26
391,3,2020-01-27
392,-2,2020-01-28
393,1,2020-01-29
394,0,2020-01-30
395,1,2020-01-31
396,0,2020-01-02
397,3,2020-02-02
398,3,2020-03-02
399,-1,2020-04-02
400,-4,2020-05-02
401,-1,2020-06-02
402,-8,2020-07-02
403,-7,2020-08-02
404,-1,2020-09-02
405,2,2020-10-02
406,1,2020-11-02
407,1,2020-12-02
408,-1,2020-02-13
409,2,2020-02-14
410,2,2020-02-15
411,1,2020-02-16
412,5,2020-02-17
413,6,2020-02-18
414,5,2020-02-19
415,7,2020-02-20
416,8,2020-02-21
417,6,2020-02-22
418,3,2020-02-23
419,5,2020-02-24
420,3,2020-02-25
421,2,2020-02-26
422,3,2020-02-27
423,3,2020-02-28
424,1,2020-02-29
425,5,2020-01-03
426,4,2020-02-03
427,5,2020-03-03
428,6,2020-04-03
429,7,2020-05-03
430,8,2020-06-03
431,12,2020-07-03
432,8,2020-08-03
433,11,2020-09-03
434,9,2020-10-03
435,8,2020-11-03
436,9,2020-12-03
437,7,2020-03-13
438,8,2020-03-14
439,-1,2020-03-15
440,6,2020-03-16
441,9,2020-03-17
442,10,2020-03-18
443,10,2020-03-19
444,6,2020-03-20
445,1,2020-03-21
446,0,2020-03-22
447,1,2020-03-23
448,4,2020-03-24
449,10,2020-03-25
450,15,2020-03-26
451,15,2020-03-27
452,17,2020-03-28
453,16,2020-03-29
454,4,2020-03-30
455,-1,2020-03-31
456,4,2020-01-04
457,5,2020-02-04
458,11,2020-03-04
459,8,2020-04-04
460,5,2020-05-04
461,5,2020-06-04
462,10,2020-07-04
463,14,2020-08-04
464,15,2020-09-04
465,9,2020-10-04
466,5,2020-11-04
467,8,2020-12-04
468,15,2020-04-13
469,10,2020-04-14
470,7,2020-04-15
471,7,2020-04-16
472,8,2020-04-17
473,7,2020-04-18
474,6,2020-04-19
475,8,2020-04-20
476,9,2020-04-21
477,7,2020-04-22
478,9,2020-04-23
479,8,2020-04-24
480,7,2020-04-25
481,9,2020-04-26
482,10,2020-04-27
483,10,2020-04-28
484,14,2020-04-29
485,8,2020-04-30
486,12,2020-01-05
487,16,2020-02-05
488,22,2020-03-05
489,19,2020-04-05
490,21,2020-05-05
491,20,2020-06-05
492,19,2020-07-05
493,12,2020-08-05
494,14,2020-09-05
495,15,2020-10-05
496,20,2020-11-05
497,24,2020-12-05
498,13,2020-05-13
499,13,2020-05-14
500,12,2020-05-15
501,15,2020-05-16
502,14,2020-05-17
503,12,2020-05-18
504,12,2020-05-19
505,14,2020-05-20
506,10,2020-05-21
507,8,2020-05-22
508,9,2020-05-23
509,10,2020-05-24
510,18,2020-05-25
511,18,2020-05-26
512,17,2020-05-27
513,20,2020-05-28
514,15,2020-05-29
515,23,2020-05-30
516,14,2020-05-31
517,10,2020-01-06
518,10,2020-02-06
519,14,2020-03-06
520,19,2020-04-06
521,19,2020-05-06
522,22,2020-06-06
523,25,2020-07-06
524,27,2020-08-06
525,27,2020-09-06
526,27,2020-10-06
527,28,2020-11-06
528,24,2020-12-06
529,16,2020-06-13
530,20,2020-06-14
531,22,2020-06-15
532,28,2020-06-16
533,29,2020-06-17
534,29,2020-06-18
535,28,2020-06-19
536,26,2020-06-20
537,19,2020-06-21
538,22,2020-06-22
539,21,2020-06-23
540,25,2020-06-24
541,27,2020-06-25
542,25,2020-06-26
543,28,2020-06-27
544,27,2020-06-28
545,20,2020-06-29
546,24,2020-06-30
547,23,2020-01-07
548,25,2020-02-07
549,27,2020-03-07
550,25,2020-04-07
551,26,2020-05-07
552,28,2020-06-07
553,30,2020-07-07
554,27,2020-08-07
555,20,2020-09-07
556,21,2020-10-07
557,26,2020-11-07
558,28,2020-12-07
559,25,2020-07-13
560,19,2020-07-14
561,21,2020-07-15
562,17,2020-07-16
563,19,2020-07-17
564,20,2020-07-18
565,21,2020-07-19
566,22,2020-07-20
567,20,2020-07-21
568,20,2020-07-22
569,18,2020-07-23
570,18,2020-07-24
571,21,2020-07-25
572,23,2020-07-26
573,25,2020-07-27
574,27,2020-07-28
575,29,2020-07-29
576,22,2020-07-30
577,19,2020-07-31
578,19,2020-01-08
579,19,2020-02-08
580,22,2020-03-08
581,24,2020-04-08
582,26,2020-05-08
583,27,2020-06-08
584,24,2020-07-08
585,24,2020-08-08
586,24,2020-09-08
587,26,2020-10-08
588,21,2020-11-08
589,18,2020-12-08
590,16,2020-08-13
591,16,2020-08-14
592,19,2020-08-15
593,21,2020-08-16
594,23,2020-08-17
595,20,2020-08-18
596,20,2020-08-19
597,20,2020-08-20
598,22,2020-08-21
599,24,2020-08-22
600,25,2020-08-23
601,23,2020-08-24
602,24,2020-08-25
603,20,2020-08-26
604,21,2020-08-27
605,19,2020-08-28
606,20,2020-08-29
607,24,2020-08-30
608,30,2020-08-31
609,22,2020-01-09
610,20,2020-02-09
611,22,2020-03-09
612,23,2020-04-09
613,21,2020-05-09
614,24,2020-06-09
615,24,2020-07-09
616,18,2020-08-09
617,16,2020-09-09
618,16,2020-10-09
619,15,2020-11-09
620,17,2020-12-09
621,18,2020-09-13
622,15,2020-09-14
623,17,2020-09-15
624,16,2020-09-16
625,23,2020-09-17
626,13,2020-09-18
627,14,2020-09-19
628,13,2020-09-20
629,14,2020-09-21
630,19,2020-09-22
631,21,2020-09-23
632,21,2020-09-24
633,22,2020-09-25
634,20,2020-09-26
635,18,2020-09-27
636,14,2020-09-28
637,17,2020-09-29
638,18,2020-09-30
639,18,2020-01-10
640,19,2020-02-10
641,19,2020-03-10
642,19,2020-04-10
643,20,2020-05-10
644,20,2020-06-10
645,16,2020-07-10
646,15,2020-08-10
647,13,2020-09-10
648,16,2020-10-10
649,14,2020-11-10
650,13,2020-12-10
651,17,2020-10-13
652,18,2020-10-14
653,15,2020-10-15
654,10,2020-10-16
655,5,2020-10-17
656,10,2020-10-18
657,7,2020-10-19
658,5,2020-10-20
659,4,2020-10-21
660,7,2020-10-22
661,14,2020-10-23
662,11,2020-10-24
663,10,2020-10-25
664,11,2020-10-26
665,11,2020-10-27
666,10,2020-10-28
667,9,2020-10-29
668,6,2020-10-30
669,9,2020-10-31
670,6,2020-01-11
671,7,2020-02-11
672,8,2020-03-11
673,9,2020-04-11
674,8,2020-05-11
675,7,2020-06-11
676,10,2020-07-11
677,10,2020-08-11
678,3,2020-09-11
679,4,2020-10-11
680,2,2020-11-11
681,2,2020-12-11
682,4,2020-11-13
683,3,2020-11-14
684,2,2020-11-15
685,0,2020-11-16
686,-4,2020-11-17
687,-2,2020-11-18
688,1,2020-11-19
689,0,2020-11-20
690,1,2020-11-21
691,-1,2020-11-22
692,1,2020-11-23
693,2,2020-11-24
694,1,2020-11-25
695,1,2020-11-26
696,2,2020-11-27
697,2,2020-11-28
698,3,2020-11-29
699,4,2020-11-30
700,0,2020-01-12
701,-2,2020-02-12
702,-4,2020-03-12
703,-3,2020-04-12
704,-2,2020-05-12
705,-3,2020-06-12
706,-4,2020-07-12
707,-3,2020-08-12
708,-3,2020-09-12
709,-5,2020-10-12
710,-3,2020-11-12
711,-7,2020-12-12
712,-5,2020-12-13
713,-4,2020-12-14
714,-4,2020-12-15
715,-1,2020-12-16
716,2,2020-12-17
717,1,2020-12-18
718,-2,2020-12-19
719,0,2020-12-20
720,1,2020-12-21
721,1,2020-12-22
722,-2,2020-12-23
723,-4,2020-12-24
724,-1,2020-12-25
725,0,2020-12-26
726,-2,2020-12-27
727,-7,2020-12-28
728,-5,2020-12-29
729,-1,2020-12-30
730,1,2020-12-31
731,0,2021-01-01
732,1,2021-02-01
733,0,2021-03-01
734,0,2021-04-01
735,-1,2021-05-01
736,-4,2021-06-01
737,-5,2021-07-01
738,-4,2021-08-01
739,-5,2021-09-01
740,-6,2021-10-01
741,-10,2021-11-01
742,-11,2021-12-01
743,-10,2021-01-13
744,-13,2021-01-14
745,-17,2021-01-15
746,-16,2021-01-16
747,-17,2021-01-17
748,-19,2021-01-18
749,-14,2021-01-19
750,-9,2021-01-20
751,-11,2021-01-21
752,-1,2021-01-22
753,1,2021-01-23
754,3,2021-01-24
755,3,2021-01-25
756,1,2021-01-26
757,1,2021-01-27
758,0,2021-01-28
759,1,2021-01-29
760,-3,2021-01-30
761,-4,2021-01-31
762,-3,2021-01-02
763,-6,2021-02-02
764,-3,2021-03-02
765,-2,2021-04-02
766,-7,2021-05-02
767,-14,2021-06-02
768,-10,2021-07-02
769,-14,2021-08-02
770,-14,2021-09-02
771,-13,2021-10-02
772,-14,2021-11-02
773,-15,2021-12-02
774,-14,2021-02-13
775,-12,2021-02-14
776,-16,2021-02-15
777,-13,2021-02-16
778,-10,2021-02-17
779,-13,2021-02-18
780,-13,2021-02-19
781,-12,2021-02-20
782,-8,2021-02-21
783,-10,2021-02-22
784,-22,2021-02-23
785,-13,2021-02-24
786,3,2021-02-25
787,5,2021-02-26
788,2,2021-02-27
789,1,2021-02-28
790,2,2021-01-03
791,3,2021-02-03
792,2,2021-03-03
793,1,2021-04-03
794,-2,2021-05-03
795,-5,2021-06-03
796,-2,2021-07-03
797,-5,2021-08-03
798,-11,2021-09-03
799,-14,2021-10-03
800,-10,2021-11-03
801,-7,2021-12-03
802,-3,2021-03-13
803,2,2021-03-14
804,2,2021-03-15
805,1,2021-03-16
806,1,2021-03-17
807,3,2021-03-18
808,1,2021-03-19
809,-1,2021-03-20
810,0,2021-03-21
811,2,2021-03-22
812,0,2021-03-23
813,3,2021-03-24
814,6,2021-03-25
815,6,2021-03-26
816,6,2021-03-27
817,5,2021-03-28
818,4,2021-03-29
819,5,2021-03-30
820,5,2021-03-31
821,7,2021-01-04
822,5,2021-02-04
823,6,2021-03-04
824,6,2021-04-04
825,8,2021-05-04
826,11,2021-06-04
827,11,2021-07-04
828,5,2021-08-04
829,8,2021-09-04
830,11,2021-10-04
831,16,2021-11-04
832,14,2021-12-04
833,21,2021-04-13
834,21,2021-04-14
835,20,2021-04-15
836,17,2021-04-16
837,18,2021-04-17
838,14,2021-04-18
839,13,2021-04-19
840,9,2021-04-20
841,7,2021-04-21
842,14,2021-04-22
843,14,2021-04-23
844,6,2021-04-24
845,7,2021-04-25
846,8,2021-04-26
847,4,2021-04-27
848,9,2021-04-28
849,10,2021-04-29
850,15,2021-04-30
851,12,2021-01-05
852,13,2021-02-05
853,18,2021-03-05
854,7,2021-04-05
855,14,2021-05-05
856,15,2021-06-05
857,14,2021-07-05
858,10,2021-08-05
859,9,2021-09-05
860,15,2021-10-05
861,21,2021-11-05
862,23,2021-12-05
863,19,2021-05-13
864,22,2021-05-14
865,23,2021-05-15
866,23,2021-05-16
867,28,2021-05-17
868,29,2021-05-18
869,24,2021-05-19
870,20,2021-05-20
871,16,2021-05-21
872,20,2021-05-22
873,22,2021-05-23
874,20,2021-05-24
875,20,2021-05-25
876,24,2021-05-26
877,20,2021-05-27
878,22,2021-05-28
879,19,2021-05-29
880,14,2021-05-30
881,13,2021-05-31
882,17,2021-01-06
883,19,2021-02-06
884,22,2021-03-06
885,22,2021-04-06
886,23,2021-05-06
887,24,2021-06-06
888,23,2021-07-06
889,22,2021-08-06
890,20,2021-09-06
891,17,2021-10-06
892,19,2021-11-06
893,21,2021-12-06
894,23,2021-06-13
895,26,2021-06-14
896,25,2021-06-15
897,23,2021-06-16
898,24,2021-06-17
899,25,2021-06-18
900,28,2021-06-19
901,29,2021-06-20
902,30,2021-06-21
903,32,2021-06-22
904,33,2021-06-23
905,33,2021-06-24
906,32,2021-06-25
907,32,2021-06-26
908,32,2021-06-27
909,30,2021-06-28
910,23,2021-06-29
911,22,2021-06-30
912,23,2021-01-07
913,22,2021-02-07
914,22,2021-03-07
915,22,2021-04-07
916,25,2021-05-07
917,27,2021-06-07
918,28,2021-07-07
919,30,2021-08-07
920,31,2021-09-07
921,32,2021-10-07
922,31,2021-11-07
923,31,2021-12-07
924,32,2021-07-13
925,33,2021-07-14
926,32,2021-07-15
927,32,2021-07-16
928,31,2021-07-17
929,30,2021-07-18
930,29,2021-07-19
931,26,2021-07-20
932,24,2021-07-21
933,22,2021-07-22
934,22,2021-07-23
935,21,2021-07-24
936,23,2021-07-25
937,26,2021-07-26
938,28,2021-07-27
939,24,2021-07-28
940,25,2021-07-29
941,24,2021-07-30
942,25,2021-07-31
943,25,2021-01-08
944,29,2021-02-08
945,23,2021-03-08
946,22,2021-04-08
947,23,2021-05-08
948,23,2021-06-08
949,28,2021-07-08
950,25,2021-08-08
951,28,2021-09-08
952,28,2021-10-08
953,23,2021-11-08
954,23,2021-12-08
955,22,2021-08-13
956,24,2021-08-14
957,26,2021-08-15
958,27,2021-08-16
959,29,2021-08-17
960,29,2021-08-18
961,24,2021-08-19
962,25,2021-08-20
963,20,2021-08-21
964,20,2021-08-22
965,20,2021-08-23
966,19,2021-08-24
967,18,2021-08-25
968,21,2021-08-26
969,22,2021-08-27
970,21,2021-08-28
971,23,2021-08-29
972,24,2021-08-30
973,26,2021-08-31
974,19,2021-01-09
975,15,2021-02-09
976,13,2021-03-09
977,12,2021-04-09
978,10,2021-05-09
979,12,2021-06-09
980,13,2021-07-09
981,15,2021-08-09
982,18,2021-09-09
983,20,2021-10-09
984,18,2021-11-09
985,21,2021-12-09
986,22,2021-09-13
987,15,2021-09-14
988,12,2021-09-15
989,10,2021-09-16
990,8,2021-09-17
991,11,2021-09-18
992,9,2021-09-19
993,7,2021-09-20
994,8,2021-09-21
995,8,2021-09-22
996,11,2021-09-23
997,11,2021-09-24
998,11,2021-09-25
999,12,2021-09-26
1000,11,2021-09-27
1001,10,2021-09-28
1002,10,2021-09-29
1003,8,2021-09-30
1004,8,2021-01-10
1005,9,2021-02-10
1006,10,2021-03-10
1007,11,2021-04-10
1008,9,2021-05-10
1009,12,2021-06-10
1010,11,2021-07-10
1011,12,2021-08-10
1012,12,2021-09-10
1013,13,2021-10-10
1014,12,2021-11-10
1015,13,2021-12-10
1016,14,2021-10-13
1017,9,2021-10-14
1018,8,2021-10-15
1019,11,2021-10-16
1020,8,2021-10-17
1021,7,2021-10-18
1022,5,2021-10-19
1023,3,2021-10-20
1024,13,2021-10-21
1025,13,2021-10-22
1026,9,2021-10-23
1027,4,2021-10-24
1028,3,2021-10-25
1029,7,2021-10-26
1030,6,2021-10-27
1031,10,2021-10-28
1032,9,2021-10-29
1033,12,2021-10-30
1034,7,2021-10-31
1035,9,2021-01-11
1036,5,2021-02-11
1037,7,2021-03-11
1038,9,2021-04-11
1039,12,2021-05-11
1040,12,2021-06-11
1041,7,2021-07-11
1042,6,2021-08-11
1043,3,2021-09-11
1044,1,2021-10-11
1045,2,2021-11-11
1046,5,2021-12-11
1047,4,2021-11-13
1048,2,2021-11-14
1049,1,2021-11-15
1050,1,2021-11-16
1051,0,2021-11-17
1052,0,2021-11-18
1053,2,2021-11-19
1054,2,2021-11-20
1055,2,2021-11-21
1056,-1,2021-11-22
1057,-2,2021-11-23
1058,1,2021-11-24
1059,2,2021-11-25
1060,2,2021-11-26
1061,2,2021-11-27
1062,4,2021-11-28
1063,4,2021-11-29
1064,7,2021-11-30
1065,-2,2021-01-12
1066,0,2021-02-12
1067,2,2021-03-12
1068,0,2021-04-12
1069,-2,2021-05-12
1070,-3,2021-06-12
1071,0,2021-07-12
1072,-1,2021-08-12
1073,-10,2021-09-12
1074,-12,2021-10-12
1075,-11,2021-11-12
1076,-3,2021-12-12
1077,-2,2021-12-13
1078,-3,2021-12-14
1079,-1,2021-12-15
1080,1,2021-12-16
1081,1,2021-12-17
1082,-1,2021-12-18
1083,0,2021-12-19
1084,-4,2021-12-20
1085,-16,2021-12-21
1086,-21,2021-12-22
1087,-11,2021-12-23
1088,-10,2021-12-24
1089,-7,2021-12-25
1090,-6,2021-12-26
1091,-9,2021-12-27
1092,-10,2021-12-28
1093,-11,2021-12-29
1094,-9,2021-12-30
1095,-3,2021-12-31
1096,-1,2022-01-01
1097,-4,2022-02-01
1098,-8,2022-03-01
1099,-8,2022-04-01
1100,-6,2022-05-01
1101,0,2022-06-01
1102,-1,2022-07-01
1103,-4,2022-08-01
1104,-4,2022-09-01
1105,-6,2022-10-01
1106,-7,2022-11-01
1107,-13,2022-12-01
1108,-2,2022-01-13
1109,2,2022-01-14
1110,-2,2022-01-15
1111,-3,2022-01-16
1112,-2,2022-01-17
1113,-2,2022-01-18
1114,-6,2022-01-19
1115,-3,2022-01-20
1116,-3,2022-01-21
1117,-4,2022-01-22
1118,-5,2022-01-23
1119,-7,2022-01-24
1120,-8,2022-01-25
1121,-4,2022-01-26
1122,-7,2022-01-27
1123,-6,2022-01-28
1124,-6,2022-01-29
1125,-3,2022-01-30
1126,-2,2022-01-31
1127,-1,2022-01-02
1128,-4,2022-02-02
1129,-6,2022-03-02
1130,-6,2022-04-02
1131,-8,2022-05-02
1132,-7,2022-06-02
1133,-1,2022-07-02
1134,1,2022-08-02
1135,-1,2022-09-02
1136,1,2022-10-02
1137,1,2022-11-02
1138,-1,2022-12-02
1139,1,2022-02-13
1140,0,2022-02-14
1141,1,2022-02-15
1142,-1,2022-02-16
1143,2,2022-02-17
1144,2,2022-02-18
1145,2,2022-02-19
1146,1,2022-02-20
1147,1,2022-02-21
1148,3,2022-02-22
1149,1,2022-02-23
1150,0,2022-02-24
1151,2,2022-02-25
1152,2,2022-02-26
1153,-1,2022-02-27
1154,0,2022-02-28
1155,1,2022-01-03
1156,2,2022-02-03
1157,3,2022-03-03
1158,-2,2022-04-03
1159,-1,2022-05-03
1160,-1,2022-06-03
1161,0,2022-07-03
1162,-3,2022-08-03
1163,-7,2022-09-03
1164,-6,2022-10-03
1165,-1,2022-11-03
1166,-1,2022-12-03
1167,2,2022-03-13
1168,3,2022-03-14
1169,0,2022-03-15
1170,-1,2022-03-16
1171,0,2022-03-17
1172,3,2022-03-18
1173,5,2022-03-19
1174,6,2022-03-20
1175,7,2022-03-21
1176,9,2022-03-22
1177,10,2022-03-23
1178,11,2022-03-24
1179,8,2022-03-25
1180,5,2022-03-26
1181,-1,2022-03-27
1182,3,2022-03-28
1183,1,2022-03-29
1184,0,2022-03-30
1185,2,2022-03-31
1186,4,2022-01-04
1187,1,2022-02-04
1188,1,2022-03-04
1189,3,2022-04-04
1190,3,2022-05-04
1191,3,2022-06-04
1192,6,2022-07-04
1193,14,2022-08-04
1194,11,2022-09-04
1195,8,2022-10-04
1196,5,2022-11-04
1197,12,2022-12-04
1198,7,2022-04-13
1199,10,2022-04-14
1200,10,2022-04-15
1201,5,2022-04-16
1202,6,2022-04-17
1203,10,2022-04-18
1204,14,2022-04-19
1205,14,2022-04-20
1206,8,2022-04-21
1207,12,2022-04-22
1208,15,2022-04-23
1209,13,2022-04-24
1210,17,2022-04-25
1211,16,2022-04-26
1212,12,2022-04-27
1213,8,2022-04-28
1214,10,2022-04-29
1215,7,2022-04-30
1216,13,2022-01-05
1217,14,2022-02-05
1218,17,2022-03-05
1219,9,2022-04-05
1220,10,2022-05-05
1221,16,2022-06-05
1222,18,2022-07-05
1223,17,2022-08-05
1224,10,2022-09-05
1225,9,2022-10-05
1226,17,2022-11-05
1227,22,2022-12-05
1228,16,2022-05-13
1229,16,2022-05-14
1230,16,2022-05-15
1231,14,2022-05-16
1232,13,2022-05-17
1233,15,2022-05-18
1234,14,2022-05-19
1235,12,2022-05-20
1236,15,2022-05-21
1237,11,2022-05-22
1238,14,2022-05-23
1239,9,2022-05-24
1240,14,2022-05-25
1241,20,2022-05-26
1242,15,2022-05-27
1243,13,2022-05-28
1244,15,2022-05-29
1245,20,2022-05-30
1246,18,2022-05-31
1247,23,2022-01-06
1248,25,2022-02-06
1249,19,2022-03-06
1250,20,2022-04-06
1251,18,2022-05-06
1252,21,2022-06-06
1253,20,2022-07-06
1254,23,2022-08-06
1255,27,2022-09-06
1256,26,2022-10-06
1257,25,2022-11-06
1258,24,2022-12-06
1259,24,2022-06-13
1260,27,2022-06-14
1261,19,2022-06-15
1262,22,2022-06-16
1263,21,2022-06-17
1264,21,2022-06-18
1265,24,2022-06-19
1266,21,2022-06-20
1267,20,2022-06-21
1268,22,2022-06-22
1269,24,2022-06-23
1270,27,2022-06-24
1271,28,2022-06-25
1272,30,2022-06-26
1273,32,2022-06-27
1274,25,2022-06-28
1275,23,2022-06-29
1276,25,2022-06-30
1277,22,2022-01-07
1278,25,2022-02-07
1279,30,2022-03-07
1280,30,2022-04-07
1281,30,2022-05-07
1282,30,2022-06-07
1283,31,2022-07-07
1284,24,2022-08-07
1285,26,2022-09-07
1286,29,2022-10-07
1287,31,2022-11-07
1288,25,2022-12-07
1289,24,2022-07-13
1290,24,2022-07-14
1291,23,2022-07-15
1292,22,2022-07-16
1293,22,2022-07-17
1294,21,2022-07-18
1295,21,2022-07-19
1296,21,2022-07-20
1297,21,2022-07-21
1298,25,2022-07-22
1299,28,2022-07-23
1300,28,2022-07-24
1301,26,2022-07-25
1302,28,2022-07-26
1303,31,2022-07-27
1304,25,2022-07-28
1305,23,2022-07-29
1306,23,2022-07-30
1307,24,2022-07-31
1308,25,2022-01-08
1309,26,2022-02-08
1310,29,2022-03-08
1311,29,2022-04-08
1312,30,2022-05-08
1313,31,2022-06-08
1314,29,2022-07-08
1315,21,2022-08-08
1316,22,2022-09-08
1317,23,2022-10-08
1318,24,2022-11-08
1319,26,2022-12-08
1320,27,2022-08-13
1321,28,2022-08-14
1322,28,2022-08-15
1323,29,2022-08-16
1324,29,2022-08-17
1325,29,2022-08-18
1326,26,2022-08-19
1327,21,2022-08-20
1328,26,2022-08-21
1329,29,2022-08-22
1330,31,2022-08-23
1331,31,2022-08-24
1332,31,2022-08-25
1333,32,2022-08-26
1334,31,2022-08-27
1335,31,2022-08-28
1336,27,2022-08-29
1337,29,2022-08-30
1338,21,2022-08-31
1339,15,2022-01-09
1340,13,2022-02-09
1341,15,2022-03-09
1342,15,2022-04-09
1343,12,2022-05-09
1344,11,2022-06-09
1345,14,2022-07-09
1346,11,2022-08-09
1347,12,2022-09-09
1348,15,2022-10-09
1349,16,2022-11-09
1350,14,2022-12-09
1351,14,2022-09-13
1352,15,2022-09-14
1353,14,2022-09-15
1354,16,2022-09-16
1355,16,2022-09-17
1356,17,2022-09-18
1357,15,2022-09-19
1358,15,2022-09-20
1359,15,2022-09-21
1360,14,2022-09-22
1361,14,2022-09-23
1362,10,2022-09-24
1363,9,2022-09-25
1364,10,2022-09-26
1365,12,2022-09-27
1366,11,2022-09-28
1367,14,2022-09-29
1368,17,2022-09-30
1369,15,2022-01-10
1370,13,2022-02-10
1371,16,2022-03-10
1372,13,2022-04-10
1373,9,2022-05-10
1374,12,2022-06-10
1375,14,2022-07-10
1376,15,2022-08-10
1377,15,2022-09-10
1378,12,2022-10-10
1379,11,2022-11-10
1380,10,2022-12-10
1381,10,2022-10-13
1382,8,2022-10-14
1383,10,2022-10-15
1384,12,2022-10-16
1385,9,2022-10-17
1386,13,2022-10-18
1387,9,2022-10-19
1388,7,2022-10-20
1389,6,2022-10-21
1390,7,2022-10-22
1391,8,2022-10-23
1392,7,2022-10-24
1393,5,2022-10-25
1394,5,2022-10-26
1395,6,2022-10-27
1396,10,2022-10-28
1397,10,2022-10-29
1398,11,2022-10-30
1399,4,2022-10-31
1400,2,2022-01-11
1401,1,2022-02-11
1402,1,2022-03-11
1403,0,2022-04-11
1404,1,2022-05-11
1405,0,2022-06-11
1406,2,2022-07-11
1407,5,2022-08-11
1408,9,2022-09-11
1409,9,2022-10-11
1410,9,2022-11-11
1411,12,2022-12-11
1412,10,2022-11-13
1413,3,2022-11-14
1414,-1,2022-11-15
1415,-1,2022-11-16
1416,-3,2022-11-17
1417,-4,2022-11-18
1418,-4,2022-11-19
1419,-2,2022-11-20
1420,-4,2022-11-21
1421,1,2022-11-22
1422,1,2022-11-23
1423,-3,2022-11-24
1424,-6,2022-11-25
1425,-5,2022-11-26
1426,-3,2022-11-27
1427,-4,2022-11-28
1428,-5,2022-11-29
1429,-8,2022-11-30
1430,-7,2022-01-12
1431,-7,2022-02-12
1432,-7,2022-03-12
1433,-7,2022-04-12
1434,-10,2022-05-12
1435,-8,2022-06-12
1436,-8,2022-07-12
1437,-5,2022-08-12
1438,-4,2022-09-12
1439,-1,2022-10-12
1440,1,2022-11-12
1441,3,2022-12-12
1442,1,2022-12-13
1443,-2,2022-12-14
1444,-6,2022-12-15
1445,-2,2022-12-16
1446,-5,2022-12-17
1447,-5,2022-12-18
1448,-2,2022-12-19
1449,-4,2022-12-20
1450,-1,2022-12-21
1451,1,2022-12-22
1452,1,2022-12-23
1453,1,2022-12-24
1454,-1,2022-12-25
1455,-5,2022-12-26
1456,-1,2022-12-27
1457,-1,2022-12-28
1458,-1,2022-12-29
1459,1,2022-12-30
1460,1,2022-12-31
1461,6,2023-01-01
1462,5,2023-02-01
1463,3,2023-03-01
1464,1,2023-04-01
1465,-3,2023-05-01
1466,-16,2023-06-01
1467,-24,2023-07-01
1468,-16,2023-08-01
1469,-19,2023-09-01
1470,-12,2023-10-01
1471,-9,2023-11-01
1472,-8,2023-12-01
1473,-4,2023-01-13
1474,-2,2023-01-14
1475,-3,2023-01-15
1476,-3,2023-01-16
1477,1,2023-01-17
1478,1,2023-01-18
1479,2,2023-01-19
1480,3,2023-01-20
1481,1,2023-01-21
1482,-3,2023-01-22
1483,-3,2023-01-23
1484,-2,2023-01-24
1485,-2,2023-01-25
1486,-2,2023-01-26
1487,-2,2023-01-27
1488,-2,2023-01-28
1489,-2,2023-01-29
1490,-2,2023-01-30
1491,-1,2023-01-31
1492,0,2023-01-02
1493,-1,2023-02-02
1494,0,2023-03-02
1495,0,2023-04-02
1496,-2,2023-05-02
1497,-4,2023-06-02
1498,-6,2023-07-02
1499,-4,2023-08-02
1500,-1,2023-09-02
1501,-2,2023-10-02
1502,-2,2023-11-02
1503,-1,2023-12-02
1504,0,2023-02-13
1505,1,2023-02-14
1506,-2,2023-02-15
1507,-4,2023-02-16
1508,-6,2023-02-17
1509,-6,2023-02-18
1510,-7,2023-02-19
1511,-7,2023-02-20
1512,-12,2023-02-21
1513,-13,2023-02-22
1514,-9,2023-02-23
1515,-4,2023-02-24
1516,1,2023-02-25
1517,1,2023-02-26
1518,-4,2023-02-27
1519,-2,2023-02-28
1520,-3,2023-01-03
1521,-2,2023-02-03
1522,1,2023-03-03
1523,-1,2023-04-03
1524,-1,2023-05-03
1525,-2,2023-06-03
1526,-1,2023-07-03
1527,1,2023-08-03
1528,-1,2023-09-03
1529,-4,2023-10-03
1530,0,2023-11-03
1531,6,2023-12-03
1532,-1,2023-03-13
1533,3,2023-03-14
1534,5,2023-03-15
1535,2,2023-03-16
1536,3,2023-03-17
1537,2,2023-03-18
1538,1,2023-03-19
1539,3,2023-03-20
1540,5,2023-03-21
1541,4,2023-03-22
1542,8,2023-03-23
1543,7,2023-03-24
1544,10,2023-03-25
1545,8,2023-03-26
1546,9,2023-03-27
1547,10,2023-03-28
1548,8,2023-03-29
1549,6,2023-03-30
1550,6,2023-03-31
1551,9,2023-01-04
1552,10,2023-02-04
1553,14,2023-03-04
1554,14,2023-04-04
1555,14,2023-05-04
1556,14,2023-06-04
1557,11,2023-07-04
1558,12,2023-08-04
1559,14,2023-09-04
1560,13,2023-10-04
1561,15,2023-11-04
1562,17,2023-12-04
1563,17,2023-04-13
1564,8,2023-04-14
1565,8,2023-04-15
1566,12,2023-04-16
1567,14,2023-04-17
1568,15,2023-04-18
1569,16,2023-04-19
1570,16,2023-04-20
1571,16,2023-04-21
1572,15,2023-04-22
1573,18,2023-04-23
1574,21,2023-04-24
1575,18,2023-04-25
1576,16,2023-04-26
1577,20,2023-04-27
1578,16,2023-04-28
1579,13,2023-04-29
1580,12,2023-04-30
1581,11,2023-01-05
1582,14,2023-02-05
1583,14,2023-03-05
1584,14,2023-04-05
1585,8,2023-05-05
1586,7,2023-06-05
1587,8,2023-07-05
1588,11,2023-08-05
1589,13,2023-09-05
1590,16,2023-10-05
1591,18,2023-11-05
1592,21,2023-12-05
1593,22,2023-05-13
1594,17,2023-05-14
1595,19,2023-05-15
1596,20,2023-05-16
1597,23,2023-05-17
1598,25,2023-05-18
1599,17,2023-05-19
1600,15,2023-05-20
1601,17,2023-05-21
1602,21,2023-05-22
1603,19,2023-05-23
1604,22,2023-05-24
1605,21,2023-05-25
1606,25,2023-05-26
1607,21,2023-05-27
1608,17,2023-05-28
1609,21,2023-05-29
1610,22,2023-05-30
1611,14,2023-05-31
1612,21,2023-01-06
1613,24,2023-02-06
1614,12,2023-03-06
1615,15,2023-04-06
1616,18,2023-05-06
1617,20,2023-06-06
1618,22,2023-07-06
1619,23,2023-08-06
1620,24,2023-09-06
1621,17,2023-10-06
1622,17,2023-11-06
1623,19,2023-12-06
1624,21,2023-06-13
1625,24,2023-06-14
1626,26,2023-06-15
1627,28,2023-06-16
1628,27,2023-06-17
1629,25,2023-06-18
1630,22,2023-06-19
1631,25,2023-06-20
1632,22,2023-06-21
1633,26,2023-06-22
1634,21,2023-06-23
1635,20,2023-06-24
1636,23,2023-06-25
1637,24,2023-06-26
1638,24,2023-06-27
1639,22,2023-06-28
1640,21,2023-06-29
1641,19,2023-06-30
1642,25,2023-01-07
1643,23,2023-02-07
1644,23,2023-03-07
1645,25,2023-04-07
1646,26,2023-05-07
1647,28,2023-06-07
1648,27,2023-07-07
1649,23,2023-08-07
1650,24,2023-09-07
1651,20,2023-10-07
1652,18,2023-11-07
1653,17,2023-12-07
1654,17,2023-07-13
1655,18,2023-07-14
1656,19,2023-07-15
1657,22,2023-07-16
1658,26,2023-07-17
1659,26,2023-07-18
1660,19,2023-07-19
1661,21,2023-07-20
1662,21,2023-07-21
1663,23,2023-07-22
1664,22,2023-07-23
1665,19,2023-07-24
1666,24,2023-07-25
1667,24,2023-07-26
1668,25,2023-07-27
1669,24,2023-07-28
1670,18,2023-07-29
1671,23,2023-07-30
1672,25,2023-07-31
1673,26,2023-01-08
1674,26,2023-02-08
1675,29,2023-03-08
1676,28,2023-04-08
1677,31,2023-05-08
1678,31,2023-06-08
1679,29,2023-07-08
1680,26,2023-08-08
1681,25,2023-09-08
1682,25,2023-10-08
1683,26,2023-11-08
1684,24,2023-12-08
1685,20,2023-08-13
1686,24,2023-08-14
1687,25,2023-08-15
1688,26,2023-08-16
1689,27,2023-08-17
1690,28,2023-08-18
1691,27,2023-08-19
1692,25,2023-08-20
1693,21,2023-08-21
1694,19,2023-08-22
1695,20,2023-08-23
1696,17,2023-08-24
1697,19,2023-08-25
1698,19,2023-08-26
1699,21,2023-08-27
1700,20,2023-08-28
1701,17,2023-08-29
1702,20,2023-08-30
1703,25,2023-08-31
1704,27,2023-01-09
1705,21,2023-02-09
1706,22,2023-03-09
1707,22,2023-04-09
1708,22,2023-05-09
1709,21,2023-06-09
1710,16,2023-07-09
1711,15,2023-08-09
1712,16,2023-09-09
1713,18,2023-10-09
1714,19,2023-11-09
1715,19,2023-12-09
1716,20,2023-09-13
1717,20,2023-09-14
1718,21,2023-09-15
1719,16,2023-09-16
1720,18,2023-09-17
1721,17,2023-09-18
1722,20,2023-09-19
1723,24,2023-09-20
1724,20,2023-09-21
1725,24,2023-09-22
1726,24,2023-09-23
1727,24,2023-09-24
1728,19,2023-09-25
1729,17,2023-09-26
1730,19,2023-09-27
1731,21,2023-09-28
1732,23,2023-09-29
1733,22,2023-09-30
1734,17,2023-01-10
1735,14,2023-02-10
1736,16,2023-03-10
1737,17,2023-04-10
1738,14,2023-05-10
1739,13,2023-06-10
1740,9,2023-07-10
1741,7,2023-08-10
1742,5,2023-09-10
1743,4,2023-10-10
1744,7,2023-11-10
1745,12,2023-12-10
1746,12,2023-10-13
1747,14,2023-10-14
1748,14,2023-10-15
1749,8,2023-10-16
1750,6,2023-10-17
1751,6,2023-10-18
1752,6,2023-10-19
1753,6,2023-10-20
1754,5,2023-10-21
1755,4,2023-10-22
1756,6,2023-10-23
1757,2,2023-10-24
1758,1,2023-10-25
1759,1,2023-10-26
1760,0,2023-10-27
1761,0,2023-10-28
1762,1,2023-10-29
1763,5,2023-10-30
1764,10,2023-10-31
1765,15,2023-01-11
1766,11,2023-02-11
1767,6,2023-03-11
1768,7,2023-04-11
1769,12,2023-05-11
1770,11,2023-06-11
1771,9,2023-07-11
1772,8,2023-08-11
1773,7,2023-09-11
1774,6,2023-10-11
1775,6,2023-11-11
1776,8,2023-12-11
1777,7,2023-11-13
1778,4,2023-11-14
1779,3,2023-11-15
1780,1,2023-11-16
1781,-2,2023-11-17
1782,-4,2023-11-18
1783,-5,2023-11-19
1784,-5,2023-11-20
1785,-6,2023-11-21
1786,-7,2023-11-22
1787,-7,2023-11-23
1788,-6,2023-11-24
1789,-6,2023-11-25
1790,-5,2023-11-26
1791,2,2023-11-27
1792,-2,2023-11-28
1793,-2,2023-11-29
1794,0,2023-11-30
1795,-4,2023-01-12
1796,-5,2023-02-12
1797,-5,2023-03-12
1798,-6,2023-04-12
1799,-10,2023-05-12
1800,-12,2023-06-12
1801,-11,2023-07-12
1802,-13,2023-08-12
1803,-13,2023-09-12
1804,-10,2023-10-12
1805,-7,2023-11-12
1806,-7,2023-12-12
1807,-9,2023-12-13
1808,-10,2023-12-14
1809,-7,2023-12-15
1810,-4,2023-12-16
1811,1,2023-12-17
1812,2,2023-12-18
1813,3,2023-12-19
1814,3,2023-12-20
1815,1,2023-12-21
1816,1,2023-12-22
1817,2,2023-12-23
1818,0,2023-12-24
1819,-2,2023-12-25
1820,1,2023-12-26
1821,-1,2023-12-27
1822,-2,2023-12-28
1823,1,2023-12-29
1824,3,2023-12-30
1825,1,2023-12-31
1826,-10,2024-01-01
1827,-17,2024-02-01
1828,-22,2024-03-01
1829,-22,2024-04-01
1830,-20,2024-05-01
1831,-17,2024-06-01
1832,-19,2024-07-01
1833,-13,2024-08-01
1834,-7,2024-09-01
1835,-3,2024-10-01
1836,0,2024-11-01
1837,-11,2024-12-01
1838,-18,2024-01-13
1839,-12,2024-01-14
1840,-3,2024-01-15
1841,-2,2024-01-16
1842,-5,2024-01-17
1843,-8,2024-01-18
1844,-4,2024-01-19
1845,-6,2024-01-20
1846,-10,2024-01-21
1847,-7,2024-01-22
1848,-4,2024-01-23
1849,0,2024-01-24
1850,0,2024-01-25
1851,-3,2024-01-26
1852,-5,2024-01-27
1853,-4,2024-01-28
1854,-3,2024-01-29
1855,1,2024-01-30
1856,0,2024-01-31
1857,1,2024-01-02
1858,0,2024-02-02
1859,-3,2024-03-02
1860,1,2024-04-02
1861,-1,2024-05-02
1862,-2,2024-06-02
1863,-6,2024-07-02
1864,-9,2024-08-02
1865,-9,2024-09-02
1866,-12,2024-10-02
1867,-7,2024-11-02
1868,-3,2024-12-02
1869,-4,2024-02-13
1870,-9,2024-02-14
1871,-11,2024-02-15
1872,-8,2024-02-16
1873,-2,2024-02-17
1874,0,2024-02-18
1875,-4,2024-02-19
1876,-5,2024-02-20
1877,-4,2024-02-21
1878,-2,2024-02-22
1879,1,2024-02-23
1880,1,2024-02-24
1881,1,2024-02-25
1882,1,2024-02-26
1883,3,2024-02-27
1884,4,2024-02-28
1885,4,2024-02-29
1886,5,2024-01-03
1887,4,2024-02-03
1888,6,2024-03-03
1889,4,2024-04-03
1890,1,2024-05-03
1891,0,2024-06-03
1892,3,2024-07-03
1893,0,2024-08-03
1894,-2,2024-09-03
1895,-2,2024-10-03
1896,2,2024-11-03
1897,5,2024-12-03
1898,5,2024-03-13
1899,6,2024-03-14
1900,7,2024-03-15
1901,9,2024-03-16
1902,6,2024-03-17
1903,4,2024-03-18
1904,4,2024-03-19
1905,7,2024-03-20
1906,9,2024-03-21
1907,9,2024-03-22
1908,5,2024-03-23
1909,5,2024-03-24
1910,6,2024-03-25
1911,8,2024-03-26
1912,9,2024-03-27
1913,10,2024-03-28
1914,9,2024-03-29
1915,12,2024-03-30
1916,16,2024-03-31
1917,22,2024-01-04
1918,24,2024-02-04
1919,18,2024-03-04
1920,6,2024-04-04
1921,4,2024-05-04
1922,8,2024-06-04
1923,14,2024-07-04
1924,18,2024-08-04
1925,18,2024-09-04
1926,21,2024-10-04
1927,19,2024-11-04
1928,15,2024-12-04
1929,14,2024-04-13
1930,13,2024-04-14
1931,10,2024-04-15
1932,13,2024-04-16
1933,12,2024-04-17
1934,11,2024-04-18
1935,14,2024-04-19
1936,12,2024-04-20
1937,18,2024-04-21
1938,18,2024-04-22
1939,13,2024-04-23
1940,14,2024-04-24
1941,21,2024-04-25
1942,22,2024-04-26
1943,15,2024-04-27
1944,16,2024-04-28
1945,20,2024-04-29
1946,23,2024-04-30
1947,20,2024-01-05
1948,11,2024-02-05
1949,10,2024-03-05
1950,14,2024-04-05
1951,13,2024-05-05
1952,10,2024-06-05
1953,5,2024-07-05
1954,5,2024-08-05
1955,6,2024-09-05
1956,12,2024-10-05
1957,11,2024-11-05
1958,7,2024-12-05
1959,10,2024-05-13
1960,12,2024-05-14
1961,17,2024-05-15
1962,20,2024-05-16
1963,22,2024-05-17
1964,21,2024-05-18
1965,20,2024-05-19
1966,25,2024-05-20
1967,25,2024-05-21
1968,23,2024-05-22
1969,20,2024-05-23
1970,22,2024-05-24
1971,24,2024-05-25
1972,24,2024-05-26
1973,23,2024-05-27
1974,26,2024-05-28
1975,29,2024-05-29
1976,29,2024-05-30
1977,30,2024-05-31
1978,30,2024-01-06
1979,27,2024-02-06
1980,26,2024-03-06
1981,25,2024-04-06
1982,28,2024-05-06
1983,25,2024-06-06
1984,22,2024-07-06
1985,23,2024-08-06
1986,23,2024-09-06
1987,23,2024-10-06
1988,26,2024-11-06
1989,29,2024-12-06
1990,23,2024-06-13
1991,22,2024-06-14
1992,26,2024-06-15
1993,27,2024-06-16
1994,27,2024-06-17
1995,23,2024-06-18
1996,26,2024-06-19
1997,24,2024-06-20
1998,22,2024-06-21
1999,22,2024-06-22
2000,24,2024-06-23
2001,22,2024-06-24
2002,24,2024-06-25
2003,23,2024-06-26
2004,27,2024-06-27
2005,29,2024-06-28
2006,31,2024-06-29
2007,31,2024-06-30
2008,32,2024-01-07
2009,33,2024-02-07
2010,34,2024-03-07
2011,34,2024-04-07
2012,30,2024-05-07
2013,23,2024-06-07
2014,27,2024-07-07
2015,29,2024-08-07
2016,31,2024-09-07
2017,27,2024-10-07
2018,28,2024-11-07
2019,29,2024-12-07
2020,31,2024-07-13
2021,31,2024-07-14
2022,30,2024-07-15
2023,29,2024-07-16
2024,31,2024-07-17
2025,27,2024-07-18
2026,24,2024-07-19
2027,25,2024-07-20
2028,25,2024-07-21
2029,21,2024-07-22
2030,24,2024-07-23
2031,27,2024-07-24
2032,26,2024-07-25
2033,25,2024-07-26
2034,29,2024-07-27
2035,27,2024-07-28
2036,22,2024-07-29
2037,23,2024-07-30
2038,21,2024-07-31
2039,20,2024-01-08
2040,22,2024-02-08
2041,23,2024-03-08
2042,24,2024-04-08
2043,25,2024-05-08
2044,25,2024-06-08
2045,25,2024-07-08
2046,23,2024-08-08
2047,23,2024-09-08
2048,26,2024-10-08
2049,21,2024-11-08
2050,19,2024-12-08
2051,20,2024-08-13
2052,23,2024-08-14
2053,22,2024-08-15
2054,25,2024-08-16
2055,25,2024-08-17
2056,28,2024-08-18
2057,29,2024-08-19
2058,25,2024-08-20
2059,25,2024-08-21
2060,26,2024-08-22
2061,25,2024-08-23
2062,24,2024-08-24
2063,29,2024-08-25
2064,30,2024-08-26
2065,30,2024-08-27
2066,27,2024-08-28
2067,27,2024-08-29
2068,26,2024-08-30
2069,27,2024-08-31
2070,30,2024-01-09
2071,28,2024-02-09
2072,28,2024-03-09
2073,23,2024-04-09
2074,22,2024-05-09
2075,24,2024-06-09
2076,25,2024-07-09
2077,26,2024-08-09
2078,27,2024-09-09
2079,27,2024-10-09
2080,25,2024-11-09
2081,25,2024-12-09
2082,28,2024-09-13
2083,26,2024-09-14
2084,28,2024-09-15
2085,26,2024-09-16
2086,26,2024-09-17
2087,25,2024-09-18
2088,23,2024-09-19
2089,22,2024-09-20
2090,22,2024-09-21
2091,15,2024-09-22
2092,15,2024-09-23
2093,21,2024-09-24
2094,25,2024-09-25
2095,23,2024-09-26
2096,21,2024-09-27
2097,22,2024-09-28
2098,21,2024-09-29
2099,13,2024-09-30
2100,17,2024-01-10
2101,21,2024-02-10
2102,23,2024-03-10
2103,13,2024-04-10
2104,13,2024-05-10
2105,12,2024-06-10
2106,18,2024-07-10
2107,14,2024-08-10
2108,11,2024-09-10
2109,9,2024-10-10
2110,13,2024-11-10
2111,12,2024-12-10
2112,7,2024-10-13
2113,5,2024-10-14
2114,7,2024-10-15
2115,7,2024-10-16
2116,8,2024-10-17
2117,7,2024-10-18
2118,8,2024-10-19
2119,13,2024-10-20
2120,14,2024-10-21
2121,12,2024-10-22
2122,12,2024-10-23
2123,9,2024-10-24
2124,8,2024-10-25
2125,7,2024-10-26
2126,9,2024-10-27
2127,8,2024-10-28
2128,8,2024-10-29
2129,9,2024-10-30
2130,7,2024-10-31
2131,10,2024-01-11
2132,8,2024-02-11
2133,2,2024-03-11
2134,0,2024-04-11
2135,0,2024-05-11
2136,3,2024-06-11
2137,6,2024-07-11
2138,5,2024-08-11
2139,7,2024-09-11
2140,6,2024-10-11
2141,1,2024-11-11
2142,1,2024-12-11
2143,2,2024-11-13
2144,0,2024-11-14
2145,1,2024-11-15
2146,5,2024-11-16
2147,5,2024-11-17
2148,4,2024-11-18
2149,4,2024-11-19
2150,6,2024-11-20
2151,9,2024-11-21
2152,2,2024-11-22
2153,1,2024-11-23
2154,0,2024-11-24
2155,-2,2024-11-25
2156,0,2024-11-26
2157,-2,2024-11-27
2158,-2,2024-11-28
2159,1,2024-11-29
2160,1,2024-11-30
2161,2,2024-01-12
2162,1,2024-02-12
2163,1,2024-03-12
2164,0,2024-04-12
2165,-4,2024-05-12
2166,-4,2024-06-12
2167,-2,2024-07-12
2168,-2,2024-08-12
2169,-1,2024-09-12
2170,-2,2024-10-12
2171,-4,2024-11-12
2172,-3,2024-12-12
2173,-5,2024-12-13
2174,-5,2024-12-14
2175,-3,2024-12-15
2176,0,2024-12-16
2177,0,2024-12-17
2178,-8,2024-12-18
2179,2,2024-12-20
2180,1,2024-12-21
2181,-3,2024-12-22
2182,-1,2024-12-23
2183,0,2024-12-24
2184,-1,2024-12-25
2185,1,2024-12-26
2186,1,2024-12-27
2187,0,2024-12-28
2188,1,2024-12-29
2189,1,2024-12-30
2190,-1,2024-12-31
